id,price,sale price,gyarto,modell,evjarat,km ora,uzemenyag,teljesitmeny,allapot,csomagtarto,kivitel,szemelyek_szama,szin,hengerurtartalom,hajtas,valto,vegyes fogyasztas
20604181,10 530 000 Ft,Akciós: 7 990 000 Ft,FORD,PUMA,2024/6,7 km,Benzin,"92 kW, 125 LE",Kitűnő,456 liter,Városi terepjáró (crossover),5 fő,Szürke,999 cm³,Első kerék,Manuális (6 fokozatú),"4,3 l/100km"
20789545,10 855 000 Ft,Akciós: 9 560 200 Ft,PEUGEOT,RIFTER,2024,4 km,Benzin,"81 kW, 110 LE",Kitűnő,775 liter,Egyterű,5 fő,Zöld (metál),1 199 cm³,Első kerék,Manuális (6 fokozatú),"5,5 l/100km"
20927854,17 450 000 Ft,Akciós: 13 399 000 Ft,FORD,EXPLORER,2024/10,7 km,Elektromos,"125 kW, 170 LE",Kitűnő,,Városi terepjáró (crossover),5 fő,Bordó (metál),,Hátsó kerék,Automata,
21091547,12 740 000 Ft,Akciós: 10 940 000 Ft,NISSAN,QASHQAI,2025,5 km,Benzin,"103 kW, 140 LE",Kitűnő,504 liter,Városi terepjáró (crossover),5 fő,Ezüst,1 332 cm³,Első kerék,Manuális (6 fokozatú),
21153941,18 049 000 Ft,Akciós: 17 249 000 Ft,HYUNDAI,TUCSON,2024,Nincs megadva,Hibrid,"118 kW, 160 LE",Sérülésmentes,620 liter,Városi terepjáró (crossover),5 fő,Sötétzöld,1 598 cm³,Első kerék,Automata (6 fokozatú tiptronic),
21198537,9 690 000 Ft,,CITROEN,C4 X,2024/10,10 km,Benzin,"75 kW, 102 LE",Kitűnő,510 liter,Sedan,5 fő,,1 199 cm³,Első kerék,Manuális (6 fokozatú),
21317660,20 460 000 Ft,Akciós: 17 850 000 Ft,PEUGEOT,508,2024/12,5 km,,"133 kW, 181 LE",Kitűnő,487 liter,Ferdehátú,5 fő,,1 598 cm³,Első kerék,Automata (8 fokozatú tiptronic),
21384061,9 960 000 Ft,Akciós: 9 290 000 Ft,PEUGEOT,208,2024/10,5 km,Benzin,"74 kW, 101 LE",Kitűnő,342 liter,Ferdehátú,5 fő,,1 199 cm³,Első kerék,,
21411067,12 357 800 Ft,Akciós: 11 345 900 Ft,MAZDA,CX-30,2025,1 km,Benzin,"103 kW, 140 LE",Kitűnő,430 liter,Városi terepjáró (crossover),5 fő,Törtfehér (metál),2 488 cm³,Első kerék,Manuális (6 fokozatú),
21433887,27 907 800 Ft,Akciós: 23 890 000 Ft,MAZDA,CX-80,2025,3 km,Hibrid (Benzin),"141 kW, 192 LE",Kitűnő,302 liter,Kombi,7 fő,Bordó (metál),2 488 cm³,Összkerék,Automata (8 fokozatú tiptronic),
21438474,22 627 300 Ft,Akciós: 19 890 000 Ft,MAZDA,CX-60,2025,3 km,Dízel,"187 kW, 254 LE",Kitűnő,570 liter,Városi terepjáró (crossover),5 fő,Homok (metál),3 283 cm³,Összkerék,Automata (8 fokozatú tiptronic),
21452380,6 440 000 Ft,,CITROEN,C3,2025/1,3 km,Benzin,"74 kW, 101 LE",Kitűnő,310 liter,Ferdehátú,5 fő,,1 199 cm³,Első kerék,Manuális (6 fokozatú),
21467062,15 390 000 Ft,Akciós: 13 390 000 Ft,NISSAN,X-TRAIL,2025,7 km,Benzin,"120 kW, 163 LE",Kitűnő,585 liter,Városi terepjáró (crossover),5 fő,Fehér,1 497 cm³,Első kerék,Fokozatmentes automata,
21499903,11 099 000 Ft,,CITROEN,C5 AIRCROSS,2025,7 km,Dízel,"96 kW, 131 LE",Kitűnő,580 liter,Városi terepjáró (crossover),5 fő,,1 499 cm³,Első kerék,Automata (8 fokozatú),"3,8 l/100km"
21539452,10 890 000 Ft,Akciós: 10 590 000 Ft,OPEL,FRONTERA,2025,5 km,Elektromos,"83 kW, 113 LE",Kitűnő,,Városi terepjáró (crossover),5 fő,Narancssárga (metál),,,Fokozatmentes automata,
21568933,11 490 000 Ft,Akciós: 9 990 000 Ft,OMODA,OMODA 5,2024,2 km,Benzin,"108 kW, 147 LE",Kitűnő,,Városi terepjáró (crossover),5 fő,,1 598 cm³,Első kerék,Automata (7 fokozatú),
21612195,5 699 000 Ft,,KIA,CEE'D,2022/5,78 725 km,Benzin,"74 kW, 101 LE",Normál,625 liter,Kombi,5 fő,(metál),998 cm³,Első kerék,Manuális (6 fokozatú),
21632037,13 850 000 Ft,Akciós: 12 190 000 Ft,OPEL,GRANDLAND,2024,5 km,Benzin,"100 kW, 136 LE",Kitűnő,514 liter,Városi terepjáró (crossover),5 fő,Fehér,1 199 cm³,Első kerék,Automata (6 fokozatú),
21706910,14 115 000 Ft,Akciós: 10 999 000 Ft,PEUGEOT,308,2025/1,5 km,Dízel,"96 kW, 131 LE",Kitűnő,412 liter,Ferdehátú,5 fő,Kék (metál),1 499 cm³,Első kerék,Automata (8 fokozatú tiptronic),
21734946,23 035 000 Ft,Akciós: 20 110 000 Ft,KIA,SORENTO,2025,5 km,Dízel,"142 kW, 193 LE",Normál,187 liter,Városi terepjáró (crossover),7 fő,Fekete,2 151 cm³,Összkerék,Automata (8 fokozatú),
21759441,6 569 000 Ft,Akciós: 6 269 000 Ft,DACIA,SANDERO,2025,10 km,Benzin,"67 kW, 91 LE",Kitűnő,328 liter,Ferdehátú,5 fő,,999 cm³,Első kerék,Manuális (5 fokozatú),
21805531,13 298 000 Ft,Akciós: 12 798 000 Ft,SSANGYONG,TORRES,2025,5 km,Benzin,"120 kW, 163 LE",Kitűnő,703 liter,Kombi,5 fő,,1 497 cm³,Első kerék,Manuális (6 fokozatú),
21815547,17 150 000 Ft,Akciós: 11 799 000 Ft,FORD,CAPRI,2025,7 km,Elektromos,"125 kW, 170 LE",Kitűnő,627 liter,Ferdehátú,5 fő,Fehér,,Hátsó kerék,Fokozatmentes automata,
21834960,7 959 000 Ft,,RENAULT,CLIO,2025,5 900 km,Benzin,"67 kW, 91 LE",Normál,382 liter,Ferdehátú,5 fő,Szürke,999 cm³,Első kerék,Manuális (6 fokozatú),
21859248,21 725 000 Ft,Akciós: 19 848 000 Ft,SSANGYONG,REXTON,2025,5 km,Dízel,"148 kW, 201 LE",Kitűnő,240 liter,Városi terepjáró (crossover),7 fő,Fekete,2 157 cm³,Összkerék,Automata (8 fokozatú tiptronic),
21891126,18 874 000 Ft,Akciós: 17 899 000 Ft,HYUNDAI,IONIQ 6,2025,Nincs megadva,Elektromos,"168 kW, 228 LE",Sérülésmentes,401 liter,Sedan,5 fő,Sötétszürke (metál),,Hátsó kerék,Fokozatmentes automata,
21909155,13 999 000 Ft,,KIA,EV3,2025/2,11 km,Elektromos,"150 kW, 204 LE",Kitűnő,460 liter,Kombi,5 fő,,,Első kerék,Fokozatmentes automata,
21912815,8 199 000 Ft,,OPEL,MOKKA,2025/3,10 km,Benzin,"100 kW, 136 LE",Kitűnő,350 liter,Városi terepjáró (crossover),5 fő,Kék,1 199 cm³,Első kerék,Manuális (6 fokozatú),
21915593,9 450 000 Ft,,OPEL,ASTRA,2025,10 km,Benzin,"96 kW, 131 LE",Kitűnő,422 liter,Ferdehátú,5 fő,Fehér,1 199 cm³,Első kerék,Manuális (6 fokozatú),
21932770,6 490 000 Ft,,OPEL,CORSA,2025,5 km,Benzin,"74 kW, 101 LE",Kitűnő,309 liter,Ferdehátú,5 fő,Kék,1 199 cm³,Első kerék,Manuális (6 fokozatú),
21944672,17 196 000 Ft,Akciós: 15 998 000 Ft,KGM,ACTYON,2025,3 km,Benzin,"120 kW, 163 LE",Kitűnő,703 liter,Kombi,5 fő,Aranysárga,1 497 cm³,Első kerék,Automata (6 fokozatú tiptronic),
21960271,14 310 000 Ft,Akciós: 10 990 000 Ft,PEUGEOT,408,2025,5 km,Benzin,"100 kW, 136 LE",Kitűnő,536 liter,Coupe,5 fő,Fehér,1 199 cm³,Első kerék,,
21966898,18 983 960 Ft,Akciós: 17 713 960 Ft,ISUZU,D-MAX,2025,5 km,Dízel,"120 kW, 163 LE",Kitűnő,,Pickup,5 fő,Ezüst,1 898 cm³,Összkerék,Automata (6 fokozatú tiptronic),9 l/100km
21969018,13 434 000 Ft,Akciós: 11 200 000 Ft,PEUGEOT,2008,2025,5 km,Benzin,"100 kW, 136 LE",Kitűnő,434 liter,Városi terepjáró (crossover),5 fő,,1 199 cm³,Első kerék,,
21979712,15 610 000 Ft,Akciós: 14 799 000 Ft,PEUGEOT,5008,2025/6,3 km,Benzin,"100 kW, 136 LE",Újszerű,748 liter,Városi terepjáró (crossover),7 fő,,1 199 cm³,Első kerék,,
21981424,8 598 000 Ft,Akciós: 7 850 000 Ft,KGM,TIVOLI,2025/6,7 km,Benzin,"120 kW, 163 LE",Kitűnő,427 liter,Városi terepjáró (crossover),5 fő,Fehér (metál),1 497 cm³,Első kerék,Manuális (6 fokozatú),
21989255,7 499 000 Ft,Akciós: 6 879 000 Ft,DACIA,DUSTER,2025,7 km,LPG,"74 kW, 101 LE",Normál,439 liter,Városi terepjáró (crossover),5 fő,Fehér,999 cm³,Első kerék,Manuális (6 fokozatú),
21992509,14 580 000 Ft,Akciós: 12 880 000 Ft,NISSAN,JUKE,2025,5 500 km,Benzin,"69 kW, 94 LE",Kitűnő,354 liter,Városi terepjáró (crossover),5 fő,Fehér (metál),1 598 cm³,Első kerék,Fokozatmentes automata,
22005976,13 740 000 Ft,Akciós: 12 290 000 Ft,PEUGEOT,3008,2025/5,3 km,Benzin,"100 kW, 136 LE",Újszerű,520 liter,Városi terepjáró (crossover),5 fő,,1 199 cm³,Első kerék,,
22024522,10 299 000 Ft,,RENAULT,SYMBIOZ,2025,1 km,Benzin,"103 kW, 140 LE",Normál,,Egyterű,6 fő,Kék,1 333 cm³,Első kerék,Manuális (6 fokozatú),
22043446,21 794 000 Ft,Akciós: 17 990 000 Ft,HONDA,CR-V,2025/7,Nincs megadva,Benzin,"135 kW, 184 LE",Kitűnő,579 liter,Városi terepjáró (crossover),5 fő,Bordó (metál),1 993 cm³,Összkerék,Fokozatmentes automata,
22043809,17 220 000 Ft,Akciós: 14 550 000 Ft,HONDA,CIVIC,2025/7,Nincs megadva,Benzin,"135 kW, 184 LE",Kitűnő,404 liter,Ferdehátú,5 fő,Fekete (metál),1 993 cm³,Első kerék,Fokozatmentes automata,
22045704,16 029 000 Ft,Akciós: 13 189 000 Ft,HONDA,HR-V,2025/7,Nincs megadva,Benzin,"96 kW, 131 LE",Kitűnő,304 liter,Városi terepjáró (crossover),5 fő,Szürke (metál),1 498 cm³,Első kerék,Fokozatmentes automata,"4,2 l/100km"
22045834,9 899 000 Ft,Akciós: 9 599 000 Ft,MG,MG3,2025/7,Nincs megadva,Benzin,"75 kW, 102 LE",Kitűnő,293 liter,Ferdehátú,5 fő,Fehér,1 490 cm³,Első kerék,,
22046194,7 299 000 Ft,Akciós: 6 990 000 Ft,MG,ZS,2025/7,Nincs megadva,Benzin,"78 kW, 106 LE",Kitűnő,448 liter,Városi terepjáró (crossover),5 fő,Fehér,1 498 cm³,Első kerék,Manuális (5 fokozatú),
22086583,8 895 000 Ft,,SKODA,KODIAQ,2019/12,149 000 km,Dízel,"110 kW, 150 LE",Megkímélt,835 liter,Városi terepjáró (crossover),5 fő,Kék (metál),1 968 cm³,Első kerék,Automata (7 fokozatú),5 l/100km
22097300,9 900 000 Ft,Akciós: 8 550 000 Ft,SUZUKI,S-CROSS,2025,1 km,Benzin,"81 kW, 110 LE",Normál,430 liter,Városi terepjáró (crossover),5 fő,Fehér,1 373 cm³,Első kerék,Manuális (6 fokozatú),
22097349,9 640 000 Ft,Akciós: 8 090 000 Ft,SUZUKI,VITARA,2025,1 km,Benzin,"81 kW, 110 LE",Normál,362 liter,Városi terepjáró (crossover),5 fő,Fehér,1 373 cm³,Első kerék,Manuális (6 fokozatú),
22098728,5 999 000 Ft,,MITSUBISHI,OUTLANDER,2018/3,91 000 km,Benzin,"110 kW, 150 LE",Kitűnő,591 liter,Városi terepjáró (crossover),5 fő,Sötétszürke (metál),1 998 cm³,Első kerék,Fokozatmentes automata,"7,3 l/100km"
22113593,8 999 000 Ft,,FORD,RANGER,2021/12,86 990 km,Dízel,"157 kW, 213 LE",Kitűnő,,Pickup,5 fő,Fehér,1 996 cm³,Összkerék,Automata,"8,2 l/100km"
22122766,11 490 000 Ft,Akciós: 9 490 000 Ft,CHERY,TIGGO,2025,5 km,Benzin,"108 kW, 147 LE",Kitűnő,500 liter,Városi terepjáró (crossover),5 fő,Fekete (metál),1 598 cm³,Első kerék,Automata (7 fokozatú),
22033321,12 490 000 Ft,,MERCEDES-BENZ,A-OSZTÁLY,2024/4,21 200 km,Benzin,"100 kW, 136 LE",Megkímélt,355 liter,Ferdehátú,5 fő,Fehér,1 332 cm³,Első kerék,Automata (7 fokozatú),
21830836,13 490 000 Ft,,MERCEDES-BENZ,A-OSZTÁLY,2024/3,22 105 km,Benzin,"100 kW, 136 LE",Kitűnő,355 liter,Ferdehátú,5 fő,Fekete (metál),1 332 cm³,Első kerék,Automata (7 fokozatú),
22033926,13 990 000 Ft,,MERCEDES-BENZ,GLC-OSZTÁLY,2022/1,60 172 km,Benzin,"145 kW, 197 LE",Megkímélt,550 liter,Városi terepjáró (crossover),5 fő,Szürke (metál),1 991 cm³,Összkerék,Automata (9 fokozatú tiptronic),"8,1 l/100km"
21436590,,,VOLVO,EX30,2024/6,4 981 km,Elektromos,"200 kW, 272 LE",Megkímélt,318 liter,Kombi,5 fő,Sárga,,Hátsó kerék,Fokozatmentes automata,
20654239,15 490 000 Ft,,BMW,5-ÖS SOROZAT,2023/3,64 347 km,Hibrid,"135 kW, 184 LE",Megkímélt,410 liter,Sedan,5 fő,Fekete,1 998 cm³,Hátsó kerék,Automata (8 fokozatú tiptronic),
22033981,,,MERCEDES-BENZ,EQC,2024/1,22 940 km,Elektromos,"300 kW, 408 LE",Kitűnő,500 liter,Kombi,5 fő,,,Összkerék,Fokozatmentes automata,
21944567,1 250 000 Ft,,SUZUKI,IGNIS,2005/10,213 662 km,Benzin,"69 kW, 94 LE",Normál,236 liter,Ferdehátú,5 fő,Fekete,1 328 cm³,Első kerék,Manuális (5 fokozatú),"6,5 l/100km"
21928524,1 750 000 Ft,,OPEL,ZAFIRA,2014/2,275 197 km,CNG,"110 kW, 150 LE",Normál,152 liter,Egyterű,7 fő,Fekete,1 598 cm³,Első kerék,Manuális (6 fokozatú),
22037580,2 899 000 Ft,,OPEL,ASTRA,2016/5,128 390 km,Dízel,"81 kW, 110 LE",Megkímélt,460 liter,Sedan,5 fő,Fehér,1 598 cm³,Első kerék,Manuális (6 fokozatú),"3,7 l/100km"
21719182,2 999 000 Ft,,CITROEN,C-ZERO,2017/9,7 550 km,Elektromos,"47 kW, 64 LE",Kitűnő,168 liter,Ferdehátú,4 fő,Fehér (metál),,Hátsó kerék,Fokozatmentes automata,
21919833,2 999 900 Ft,,PEUGEOT,508,2014/3,281 981 km,Dízel,"133 kW, 181 LE",Normál,473 liter,Sedan,5 fő,(metál),1 997 cm³,Első kerék,Automata (6 fokozatú tiptronic),"4,4 l/100km"
22073041,3 170 000 Ft,,RENAULT,LAGUNA,2012/3,142 378 km,Dízel,"110 kW, 150 LE",Normál,423 liter,Coupe,4 fő,Fehér,1 995 cm³,Első kerék,Manuális (6 fokozatú),"6,5 l/100km"
22125849,3 270 000 Ft,,RENAULT,SCENIC,2015/3,125 142 km,Dízel,"81 kW, 110 LE",Normál,522 liter,Egyterű,5 fő,Fekete,1 461 cm³,Első kerék,Automata (6 fokozatú),5 l/100km
22105163,3 370 000 Ft,,CITROEN,C4,2017/5,89 239 km,Benzin,"96 kW, 131 LE",Normál,408 liter,Ferdehátú,5 fő,Szürke,1 199 cm³,Első kerék,Manuális (6 fokozatú),5 l/100km
22120857,3 770 000 Ft,,DACIA,DUSTER,2020/11,121 798 km,Benzin,"74 kW, 101 LE",Normál,478 liter,Városi terepjáró (crossover),5 fő,Ezüst,999 cm³,Első kerék,Manuális (5 fokozatú),
22040773,3 770 000 Ft,,FORD,S-MAX,2014/9,136 120 km,Dízel,"120 kW, 163 LE",Normál,755 liter,Egyterű,5 fő,Ezüst,1 997 cm³,Első kerék,Automata (6 fokozatú),6 l/100km
21475893,3 770 000 Ft,,KIA,SORENTO,2010/12,141 652 km,Dízel,"145 kW, 197 LE",Normál,531 liter,Városi terepjáró (crossover),5 fő,Fekete,2 199 cm³,Első kerék,Manuális (6 fokozatú),"6,5 l/100km"
21964701,3 970 000 Ft,,MINI,COOPER,2015/6,130 605 km,Benzin,"100 kW, 136 LE",Normál,278 liter,Ferdehátú,5 fő,Fekete,1 499 cm³,Első kerék,Manuális (6 fokozatú),"4,7 l/100km"
21832502,4 099 900 Ft,,RENAULT,SCENIC,2020/1,288 862 km,Dízel,"88 kW, 120 LE",Normál,233 liter,Egyterű,7 fő,(metál),1 749 cm³,Első kerék,Manuális (6 fokozatú),"4,9 l/100km"
22020692,4 250 000 Ft,,OPEL,ASTRA,2020/12,119 339 km,Benzin,"107 kW, 145 LE",Normál,540 liter,Kombi,5 fő,Fehér,1 199 cm³,Első kerék,Manuális (6 fokozatú),"4,6 l/100km"
22122380,4 370 000 Ft,,VOLVO,V60,2015/12,130 976 km,Dízel,"110 kW, 150 LE",Normál,430 liter,Kombi,5 fő,Pezsgő,1 969 cm³,Első kerék,Manuális (6 fokozatú),"3,9 l/100km"
22125926,4 470 000 Ft,,KIA,SPORTAGE,2016/3,196 175 km,Dízel,"85 kW, 116 LE",Normál,564 liter,Városi terepjáró (crossover),5 fő,Ezüst,1 685 cm³,Első kerék,Manuális (6 fokozatú),"5,1 l/100km"
22031027,4 470 000 Ft,,TOYOTA,AURIS,2016/6,74 916 km,Benzin,"73 kW, 99 LE",Normál,360 liter,Ferdehátú,5 fő,Fehér,1 329 cm³,Első kerék,Manuális (6 fokozatú),"5,5 l/100km"
21965764,4 470 000 Ft,,FORD,KUGA,2013/5,145 728 km,Dízel,"120 kW, 163 LE",Normál,492 liter,Városi terepjáró (crossover),5 fő,Ezüst,1 997 cm³,Összkerék,Automata (6 fokozatú),"6,2 l/100km"
21622703,4 499 000 Ft,,HYUNDAI,I30,2018/12,212 751 km,Dízel,"85 kW, 116 LE",Kitűnő,602 liter,Kombi,5 fő,Ezüst (metál),1 582 cm³,Első kerék,Automata (7 fokozatú),"4,6 l/100km"
21944724,4 690 000 Ft,,SKODA,OCTAVIA,2018/2,162 145 km,Dízel,"85 kW, 116 LE",Normál,610 liter,Kombi,5 fő,Fehér,1 598 cm³,Első kerék,Manuális (5 fokozatú),"3,9 l/100km"
21944588,4 750 000 Ft,,PONTIAC,SOLSTICE,2007/2,52 937 km,Benzin,"194 kW, 264 LE",Normál,,Cabrio,2 fő,Szürke,1 998 cm³,Hátsó kerék,Automata,
22134013,4 770 000 Ft,,SUZUKI,VITARA,2015/7,112 097 km,Benzin,"88 kW, 120 LE",Normál,375 liter,Városi terepjáró (crossover),5 fő,Kék,1 586 cm³,Első kerék,Manuális (5 fokozatú),"5,3 l/100km"
22106764,4 970 000 Ft,,HONDA,CIVIC,2017/8,152 203 km,Benzin,"95 kW, 129 LE",Normál,478 liter,Ferdehátú,5 fő,Szürke,988 cm³,Első kerék,Manuális (6 fokozatú),
22092485,5 000 000 Ft,,VOLKSWAGEN,SCIROCCO,2016/3,129 111 km,Benzin,"92 kW, 125 LE",Normál,292 liter,Coupe,5 fő,Fehér (metál),1 390 cm³,Első kerék,Manuális (6 fokozatú),
21987390,,,FORD,FOCUS,2015/12,124 175 km,Benzin,"184 kW, 250 LE",Normál,316 liter,Ferdehátú,5 fő,Szürke,1 999 cm³,Első kerék,Manuális (6 fokozatú),"7,2 l/100km"
22016447,5 370 000 Ft,,HONDA,JAZZ,2018/1,146 508 km,Benzin,"96 kW, 131 LE",Normál,354 liter,Egyterű,5 fő,Szürke,1 498 cm³,Első kerék,Manuális (6 fokozatú),"5,9 l/100km"
22040683,5 470 000 Ft,,HONDA,CR-V,2015/2,236 713 km,Dízel,"110 kW, 150 LE",Normál,,Városi terepjáró (crossover),5 fő,Fehér,2 199 cm³,Összkerék,Automata,
21836733,5 499 900 Ft,,RENAULT,ZOE,2020/1,71 150 km,Elektromos,"80 kW, 109 LE",Normál,338 liter,Ferdehátú,5 fő,(metál),,Első kerék,Fokozatmentes automata,
22133584,5 499 900 Ft,,RENAULT,ZOE,2020/12,26 984 km,Elektromos,"80 kW, 109 LE",Sérülésmentes,338 liter,Ferdehátú,5 fő,,,Első kerék,Fokozatmentes automata,
21901494,5 670 000 Ft,,BMW,4-ES SOROZAT,2016/9,199 996 km,Dízel,"110 kW, 150 LE",Normál,480 liter,Coupe,5 fő,Fekete,1 995 cm³,Hátsó kerék,Manuális (6 fokozatú),"4,1 l/100km"
21944464,5 750 000 Ft,,LEXUS,IS,2013/7,180 702 km,Hibrid,"133 kW, 181 LE",Normál,450 liter,Sedan,5 fő,Fekete,2 494 cm³,Hátsó kerék,Automata,"4,3 l/100km"
22124849,5 770 000 Ft,,KIA,CEE'D,2022/3,62 401 km,Benzin,"88 kW, 120 LE",Normál,625 liter,Kombi,5 fő,Zöld,998 cm³,Első kerék,Manuális (6 fokozatú),"5,5 l/100km"
22068601,5 950 000 Ft,,MERCEDES-BENZ,SLK-OSZTÁLY,2006/12,79 281 km,Benzin,"170 kW, 231 LE",Normál,208 liter,Cabrio,2 fő,Fehér,2 996 cm³,Hátsó kerék,Automata,"9,5 l/100km"
22012041,5 970 000 Ft,,BMW,3-AS SOROZAT,2015/5,188 480 km,Benzin,"180 kW, 245 LE",Normál,480 liter,Sedan,5 fő,Fehér,1 997 cm³,Összkerék,Automata (8 fokozatú),
21623276,5 990 000 Ft,,OPEL,CORSA,2020/9,52 043 km,Elektromos,"100 kW, 136 LE",Kitűnő,267 liter,Ferdehátú,5 fő,Fekete (metál),,Első kerék,Fokozatmentes automata,
22020070,6 100 000 Ft,,BMW,3-AS SOROZAT,1990/10,154 360 km,Benzin,"83 kW, 113 LE",Normál,,Coupe,5 fő,Piros,1 796 cm³,Hátsó kerék,Manuális (5 fokozatú),
22097130,6 399 000 Ft,,JEEP,COMPASS,2019/3,75 664 km,Benzin,"103 kW, 140 LE",Normál,438 liter,Városi terepjáró (crossover),5 fő,,1 368 cm³,Első kerék,Manuális (6 fokozatú),"6,8 l/100km"
22041259,6 470 000 Ft,,JAGUAR,XE,2016/10,96 489 km,Benzin,"147 kW, 200 LE",Normál,455 liter,Sedan,5 fő,Bordó,1 999 cm³,Hátsó kerék,Automata (8 fokozatú tiptronic),"7,5 l/100km"
22036983,6 470 000 Ft,,MINI,COUNTRYMAN,2018/7,137 067 km,Hibrid (Benzin),"100 kW, 136 LE",Normál,405 liter,Kombi,5 fő,Szürke,1 499 cm³,Összkerék,Automata (6 fokozatú tiptronic),
21834756,6 470 000 Ft,,BMW,5-ÖS SOROZAT,2014/7,168 714 km,Benzin,"225 kW, 306 LE",Normál,500 liter,Sedan,5 fő,Fehér,2 979 cm³,Hátsó kerék,Automata (8 fokozatú tiptronic),"8,2 l/100km"
22037666,6 590 000 Ft,,SKODA,OCTAVIA,2020/4,146 615 km,Dízel,"135 kW, 184 LE",Normál,590 liter,Ferdehátú,5 fő,Fekete,1 968 cm³,Összkerék,Automata,
22105816,6 749 000 Ft,,OPEL,CROSSLAND,2023/6,37 552 km,Benzin,"96 kW, 131 LE",Normál,520 liter,Városi terepjáró (crossover),5 fő,(metál),1 199 cm³,Első kerék,Automata (6 fokozatú tiptronic),
22105788,6 749 000 Ft,,OPEL,CROSSLAND,2023/6,46 858 km,Benzin,"96 kW, 131 LE",Normál,520 liter,Városi terepjáró (crossover),5 fő,(metál),1 199 cm³,Első kerék,Automata (6 fokozatú tiptronic),
22092504,6 850 000 Ft,,PORSCHE,CAYENNE,2010/11,168 719 km,Dízel,"176 kW, 239 LE",Normál,670 liter,Városi terepjáró (crossover),5 fő,Barna,2 967 cm³,Összkerék,Automata (8 fokozatú tiptronic),"9,3 l/100km"
22081920,6 890 000 Ft,,VOLVO,V40,2018/9,117 188 km,Benzin,"112 kW, 152 LE",Megkímélt,324 liter,Ferdehátú,5 fő,Fekete (metál),1 969 cm³,Első kerék,Manuális (6 fokozatú),6 l/100km
22129827,6 970 000 Ft,,KIA,OPTIMA,2019/8,123 919 km,Hibrid,"115 kW, 156 LE",Normál,440 liter,Kombi,5 fő,Fehér,1 999 cm³,Első kerék,Automata (6 fokozatú tiptronic),"1,3 l/100km"
21979130,6 970 000 Ft,,JAGUAR,F-PACE,2017/2,106 939 km,Dízel,"132 kW, 179 LE",Normál,650 liter,Városi terepjáró (crossover),5 fő,Fekete,1 999 cm³,Hátsó kerék,Manuális (6 fokozatú),"4,9 l/100km"
19321385,7 290 000 Ft,,KIA,CEE'D,2022/3,28 748 km,Benzin,"118 kW, 160 LE",Kitűnő,395 liter,Ferdehátú,5 fő,,1 482 cm³,Első kerék,Manuális (6 fokozatú),"5,9 l/100km"
22112503,7 399 000 Ft,,OPEL,ASTRA,2023/12,24 621 km,Benzin,"96 kW, 131 LE",Kitűnő,422 liter,Ferdehátú,5 fő,Piros,1 199 cm³,Első kerék,Automata (8 fokozatú tiptronic),
21592917,7 499 900 Ft,,FIAT,500,2023/8,9 707 km,Elektromos,"87 kW, 118 LE",Normál,185 liter,Ferdehátú,4 fő,(metál),,Első kerék,Fokozatmentes automata,
21915677,7 690 000 Ft,,VOLVO,S90,2016/9,216 093 km,Dízel,"140 kW, 190 LE",Megkímélt,500 liter,Sedan,5 fő,Fekete (metál),1 969 cm³,Első kerék,Automata (8 fokozatú tiptronic),"4,4 l/100km"
21933002,7 899 000 Ft,,OPEL,CORSA,2025/4,1 500 km,Benzin,"74 kW, 101 LE",Kitűnő,309 liter,Ferdehátú,5 fő,Piros,1 199 cm³,Első kerék,Manuális (6 fokozatú),
22133060,7 970 000 Ft,,RENAULT,CAPTUR,2020/11,22 872 km,Hibrid,"68 kW, 92 LE",Kitűnő,265 liter,Városi terepjáró (crossover),5 fő,Narancs,1 598 cm³,Első kerék,Fokozatmentes automata,
22058406,7 970 000 Ft,,MAZDA,CX-30,2021/7,80 965 km,Benzin,"90 kW, 122 LE",Normál,430 liter,Városi terepjáró (crossover),5 fő,Szürke,1 998 cm³,Első kerék,Manuális (6 fokozatú),
22112600,7 990 000 Ft,,OPEL,ASTRA,2024/2,23 000 km,Benzin,"81 kW, 110 LE",Kitűnő,597 liter,Kombi,5 fő,Fehér,1 199 cm³,Első kerék,Manuális (6 fokozatú),
21762090,8 199 000 Ft,,OPEL,MOKKA,2025/1,10 km,Benzin,"100 kW, 136 LE",Kitűnő,350 liter,Városi terepjáró (crossover),5 fő,Szürke,1 199 cm³,Első kerék,Manuális (6 fokozatú),
21760317,8 199 000 Ft,,OPEL,MOKKA,2025/1,10 km,Benzin,"100 kW, 136 LE",Kitűnő,350 liter,Városi terepjáró (crossover),5 fő,Zöld,1 199 cm³,Első kerék,Manuális (6 fokozatú),
21758044,8 199 000 Ft,,OPEL,MOKKA,2025/1,10 km,Benzin,"100 kW, 136 LE",Kitűnő,350 liter,Városi terepjáró (crossover),5 fő,Kék,1 199 cm³,Első kerék,Manuális (6 fokozatú),
22085461,8 399 000 Ft,,OPEL,GRANDLAND,2022/9,36 918 km,Benzin,"96 kW, 131 LE",Újszerű,514 liter,Városi terepjáró (crossover),5 fő,Fehér,1 199 cm³,Első kerék,Manuális (6 fokozatú),
22123901,8 499 000 Ft,,BMW,X SOROZAT,2020/3,46 630 km,Benzin,"103 kW, 140 LE",Megkímélt,470 liter,Városi terepjáró (crossover),5 fő,Szürke (metál),1 499 cm³,Első kerék,Manuális (6 fokozatú),"5,6 l/100km"
22101291,8 499 990 Ft,,TOYOTA,RAV 4,2017/10,77 760 km,Hibrid (Benzin),"114 kW, 155 LE",Normál,501 liter,Városi terepjáró (crossover),5 fő,(metál),2 494 cm³,Összkerék,Fokozatmentes automata,"5,2 l/100km"
22006539,8 590 000 Ft,,MERCEDES-BENZ,SLK-OSZTÁLY,2014/3,88 282 km,Benzin,"135 kW, 184 LE",Normál,225 liter,Cabrio,2 fő,Fekete,1 796 cm³,Hátsó kerék,Automata (7 fokozatú tiptronic),"6,5 l/100km"
21478410,8 590 000 Ft,,SKODA,SCALA,2024/12,300 km,Benzin,"81 kW, 110 LE",Újszerű,467 liter,Ferdehátú,5 fő,Fehér,999 cm³,Első kerék,Manuális (6 fokozatú),"4,7 l/100km"
22125240,8 990 000 Ft,,MERCEDES-BENZ,E-OSZTÁLY,2017/7,169 397 km,Dízel,"143 kW, 194 LE",Kitűnő,540 liter,Sedan,5 fő,Fekete,1 950 cm³,Hátsó kerék,Automata (9 fokozatú tiptronic),"4,3 l/100km"
22052260,8 999 900 Ft,,HYUNDAI,KONA,2021/11,29 890 km,Elektromos,"150 kW, 204 LE",Kitűnő,332 liter,Városi terepjáró (crossover),5 fő,(metál),,Első kerék,Fokozatmentes automata,
21978900,9 299 000 Ft,,BMW,2-ES SOROZAT,2020/7,22 500 km,Dízel,"140 kW, 190 LE",Újszerű,390 liter,Coupe,4 fő,Sötétkék (metál),1 995 cm³,Hátsó kerék,Manuális (6 fokozatú),
21891677,9 299 000 Ft,,OPEL,GRANDLAND,2022/10,17 621 km,Benzin,"96 kW, 131 LE",Újszerű,514 liter,Városi terepjáró (crossover),5 fő,Ezüst (metál),1 199 cm³,Első kerék,Automata (8 fokozatú tiptronic),
22004487,9 470 000 Ft,,BMW,5-ÖS SOROZAT,2019/6,101 912 km,Benzin,"135 kW, 184 LE",Normál,560 liter,Kombi,5 fő,Kék,1 998 cm³,Hátsó kerék,Automata (8 fokozatú tiptronic),"6,3 l/100km"
21979668,9 490 000 Ft,,KIA,SORENTO,2019/3,157 709 km,Dízel,"147 kW, 200 LE",Kitűnő,142 liter,Terepjáró,7 fő,Fekete,2 199 cm³,Összkerék,Automata (8 fokozatú tiptronic),
21242392,9 490 000 Ft,,VOLVO,V60,2021/3,123 478 km,Benzin,"120 kW, 163 LE",Megkímélt,529 liter,Kombi,5 fő,Fekete (metál),1 969 cm³,Első kerék,Automata (8 fokozatú tiptronic),"6,3 l/100km"
21412246,9 499 000 Ft,,OPEL,MOKKA,2024/11,3 000 km,Benzin,"100 kW, 136 LE",Kitűnő,350 liter,Városi terepjáró (crossover),5 fő,,1 199 cm³,Első kerék,Manuális (6 fokozatú),
22123048,9 499 000 Ft,,OPEL,ASTRA,2024/7,18 000 km,Dízel,"96 kW, 131 LE",Újszerű,597 liter,Kombi,5 fő,Fehér,1 498 cm³,Első kerék,Automata (8 fokozatú tiptronic),
21212925,9 699 900 Ft,,BMW,5-ÖS SOROZAT,2016/11,95 455 km,Benzin,"185 kW, 252 LE",Kitűnő,530 liter,Sedan,5 fő,(metál),1 998 cm³,Összkerék,Automata (8 fokozatú tiptronic),6 l/100km
22122440,9 899 000 Ft,,OPEL,CORSA,2024/2,14 700 km,Elektromos,"115 kW, 156 LE",Újszerű,267 liter,Ferdehátú,5 fő,Szürke,,Első kerék,Fokozatmentes automata,
22020061,9 900 000 Ft,,BMW,OLDTIMER,1968/8,21 808 km,Benzin,"88 kW, 120 LE",Normál,,Coupe,5 fő,Kék,1 977 cm³,Hátsó kerék,Manuális,
21969322,9 990 000 Ft,,MERCEDES-BENZ,C-OSZTÁLY,2021/8,41 450 km,Benzin,"115 kW, 156 LE",Kitűnő,460 liter,Kombi,5 fő,Fehér,1 497 cm³,Hátsó kerék,Automata (9 fokozatú tiptronic),"6,8 l/100km"
22113375,9 999 000 Ft,,OPEL,ASTRA,2024/4,29 000 km,Dízel,"96 kW, 131 LE",Kitűnő,597 liter,Kombi,5 fő,Piros,1 498 cm³,Első kerék,Automata (8 fokozatú tiptronic),
22092497,10 190 000 Ft,,MERCEDES-AMG,A-OSZTÁLY,2017/2,128 194 km,Benzin,"280 kW, 381 LE",Normál,341 liter,Ferdehátú,5 fő,Fekete,1 991 cm³,Összkerék,Automata,"6,9 l/100km"
22092492,10 190 000 Ft,,MERCEDES-BENZ,A-OSZTÁLY,2017/2,128 194 km,Benzin,"280 kW, 381 LE",Normál,341 liter,Ferdehátú,5 fő,Fekete (metál),1 991 cm³,Összkerék,Automata,
21958759,10 190 000 Ft,,OPEL,FRONTERA,2025/5,1 500 km,Benzin,"100 kW, 136 LE",Kitűnő,460 liter,Terepjáró,5 fő,,1 199 cm³,Első kerék,,
22084709,10 470 000 Ft,,AUDI,A8,2017/1,184 165 km,Dízel,"193 kW, 262 LE",Normál,520 liter,Sedan,5 fő,Fekete,2 967 cm³,Összkerék,Automata (8 fokozatú tiptronic),"5,8 l/100km"
22010035,10 490 000 Ft,,VOLVO,XC40,2021/11,144 770 km,Benzin,"120 kW, 163 LE",Megkímélt,452 liter,Városi terepjáró (crossover),5 fő,Fehér,1 477 cm³,Első kerék,Automata (8 fokozatú tiptronic),
21934292,10 490 000 Ft,,KIA,SOUL,2021/4,15 000 km,Elektromos,"150 kW, 204 LE",Kitűnő,315 liter,Egyterű,5 fő,Fehér,,Első kerék,Fokozatmentes automata,
21891653,10 499 000 Ft,,OPEL,GRANDLAND,2023/12,12 537 km,Benzin,"96 kW, 131 LE",Újszerű,514 liter,Városi terepjáró (crossover),5 fő,Fekete (metál),1 199 cm³,Első kerék,Automata (8 fokozatú tiptronic),
21913248,10 970 000 Ft,,VOLVO,XC90,2017/2,176 510 km,Dízel,"173 kW, 235 LE",Normál,705 liter,Városi terepjáró (crossover),5 fő,Sötétszürke,1 969 cm³,Összkerék,Automata (8 fokozatú tiptronic),"5,8 l/100km"
22113773,10 990 000 Ft,,OPEL,ASTRA,2024/5,17 100 km,Benzin,"96 kW, 131 LE",Kitűnő,597 liter,Kombi,5 fő,Kék,1 199 cm³,Első kerék,Automata (8 fokozatú tiptronic),
22098363,10 990 000 Ft,,MINI,COOPER,2023/7,34 500 km,Benzin,"150 kW, 204 LE",Újszerű,275 liter,Ferdehátú,4 fő,Fekete (metál),1 998 cm³,Első kerék,,
22081994,10 990 000 Ft,,VOLVO,XC40,2022/3,82 166 km,Benzin,"95 kW, 129 LE",Megkímélt,452 liter,Városi terepjáró (crossover),5 fő,Fekete (metál),1 477 cm³,Első kerék,Automata (8 fokozatú tiptronic),"6,7 l/100km"
21969635,10 990 000 Ft,,MERCEDES-BENZ,CLA-OSZTÁLY,2021/6,131 450 km,Benzin,"100 kW, 136 LE",Kitűnő,460 liter,Coupe,5 fő,Fehér,1 332 cm³,Első kerék,,
21932868,10 990 000 Ft,,MINI,MINI,2023/7,32 500 km,Benzin,"131 kW, 178 LE",Újszerű,211 liter,Ferdehátú,4 fő,Fekete (metál),1 998 cm³,Első kerék,Automata (7 fokozatú),
22133022,10 999 000 Ft,,OPEL,ASTRA,2024/3,26 000 km,Benzin,"96 kW, 131 LE",Kitűnő,597 liter,Kombi,5 fő,Fehér,1 199 cm³,Első kerék,Automata (8 fokozatú tiptronic),
21931435,10 999 000 Ft,,OPEL,ASTRA,2025/2,3 500 km,Benzin,"96 kW, 131 LE",Kitűnő,597 liter,Kombi,5 fő,,1 199 cm³,Első kerék,Manuális (6 fokozatú),
21903123,10 999 900 Ft,,VOLVO,XC60,2020/6,146 013 km,Dízel,"145 kW, 197 LE",Normál,483 liter,Városi terepjáró (crossover),5 fő,(metál),1 969 cm³,Első kerék,Automata (8 fokozatú tiptronic),7 l/100km
21962433,11 190 000 Ft,,MERCEDES-BENZ,A-OSZTÁLY,2021/7,91 853 km,Hibrid (Benzin),"118 kW, 160 LE",Normál,310 liter,Ferdehátú,5 fő,Fehér,1 332 cm³,Első kerék,Automata (8 fokozatú),"1,5 l/100km"
21319238,11 199 000 Ft,,OPEL,INSIGNIA,2021/6,100 000 km,Benzin,"169 kW, 230 LE",Újszerű,490 liter,Ferdehátú,5 fő,Piros (metál),1 998 cm³,Összkerék,Automata (9 fokozatú tiptronic),7 l/100km
22005283,11 490 000 Ft,,MERCEDES-BENZ,A-OSZTÁLY,2023/9,17 105 km,Benzin,"100 kW, 136 LE",Kitűnő,345 liter,Ferdehátú,5 fő,Fehér,1 332 cm³,Első kerék,Automata (7 fokozatú),"5,8 l/100km"
21867519,11 490 000 Ft,,VOLVO,XC60,2020/6,97 278 km,Dízel,"140 kW, 190 LE",Megkímélt,505 liter,Városi terepjáró (crossover),5 fő,Fehér,1 969 cm³,Első kerék,Automata (8 fokozatú tiptronic),"5,1 l/100km"
20521354,11 490 000 Ft,,BMW,X SOROZAT,2018/7,101 151 km,Benzin,"185 kW, 252 LE",Normál,550 liter,Városi terepjáró (crossover),5 fő,Kék (metál),1 998 cm³,Összkerék,Automata (8 fokozatú tiptronic),"7,4 l/100km"
21879841,11 590 000 Ft,,MERCEDES-BENZ,A-OSZTÁLY,2024/2,25 483 km,Benzin,"100 kW, 136 LE",Kitűnő,355 liter,Ferdehátú,5 fő,Ezüst,1 332 cm³,Első kerék,Automata (7 fokozatú),
21879668,11 590 000 Ft,,MERCEDES-BENZ,B-OSZTÁLY,2022/12,10 690 km,Benzin,"100 kW, 136 LE",Kitűnő,435 liter,Egyterű,5 fő,Szürke (metál),1 332 cm³,Első kerék,Automata (7 fokozatú),
21773483,11 590 000 Ft,,MERCEDES-BENZ,A-OSZTÁLY,2024/2,24 889 km,Benzin,"100 kW, 136 LE",Kitűnő,405 liter,Ferdehátú,5 fő,Fehér,1 332 cm³,Első kerék,Automata (7 fokozatú),
22044555,11 900 000 Ft,,BMW,2-ES SOROZAT,2024/4,36 980 km,Benzin,"115 kW, 156 LE",Kitűnő,390 liter,Coupe,4 fő,Fehér,1 998 cm³,Hátsó kerék,Automata (8 fokozatú tiptronic),
22105160,11 970 000 Ft,,BMW,6-OS SOROZAT,2018/6,128 981 km,Benzin,"250 kW, 340 LE",Normál,610 liter,Ferdehátú,5 fő,Fekete,2 998 cm³,Összkerék,Automata (8 fokozatú tiptronic),"7,7 l/100km"
22124995,11 990 000 Ft,,MERCEDES-BENZ,A-OSZTÁLY,2023/12,14 515 km,Benzin,"100 kW, 136 LE",Kitűnő,345 liter,Ferdehátú,5 fő,Fehér,1 332 cm³,Első kerék,Automata (7 fokozatú),"5,8 l/100km"
22017511,11 990 000 Ft,,MERCEDES-BENZ,C-OSZTÁLY,2020/6,85 795 km,Hibrid (Benzin),"155 kW, 211 LE",Normál,300 liter,Sedan,5 fő,Fekete,1 991 cm³,Összkerék,Automata (9 fokozatú tiptronic),"2,1 l/100km"
22007385,11 990 000 Ft,,BMW,3-AS SOROZAT,2021/4,66 350 km,Hibrid (Benzin),"135 kW, 184 LE",Megkímélt,410 liter,Kombi,5 fő,Szürke (metál),1 998 cm³,Hátsó kerék,Automata (8 fokozatú tiptronic),
21958650,11 990 000 Ft,,MERCEDES-BENZ,A-OSZTÁLY,2023/10,19 391 km,Benzin,"100 kW, 136 LE",Kitűnő,355 liter,Ferdehátú,5 fő,Ezüst (metál),1 332 cm³,Első kerék,Automata (7 fokozatú),
21958483,11 990 000 Ft,,MERCEDES-BENZ,CLA-OSZTÁLY,2023/10,68 454 km,Dízel,"85 kW, 116 LE",Kitűnő,450 liter,Kombi,5 fő,Szürke (metál),1 950 cm³,Első kerék,Automata (8 fokozatú),"5,1 l/100km"
21534998,11 990 000 Ft,,BMW,1-ES SOROZAT,2023/12,10 565 km,Benzin,"100 kW, 136 LE",Újszerű,380 liter,Ferdehátú,5 fő,Fekete (metál),1 499 cm³,Első kerék,,"5,9 l/100km"
21381383,11 990 000 Ft,,VOLVO,XC40,2021/2,94 022 km,Benzin,"120 kW, 163 LE",Megkímélt,452 liter,Városi terepjáró (crossover),5 fő,Fekete (metál),1 477 cm³,Első kerék,Automata (8 fokozatú tiptronic),
21956305,12 190 000 Ft,,MERCEDES-BENZ,GLC-OSZTÁLY,2020/4,64 535 km,Dízel,"120 kW, 163 LE",Kitűnő,550 liter,Városi terepjáró (crossover),5 fő,Kék (metál),1 950 cm³,Összkerék,Automata (9 fokozatú tiptronic),
21928536,12 250 000 Ft,,LAND ROVER,RANGE ROVER,2015/7,221 545 km,Dízel,"250 kW, 340 LE",Normál,909 liter,Terepjáró,5 fő,Fekete (metál),4 367 cm³,Összkerék,Automata (8 fokozatú tiptronic),"8,4 l/100km"
22013815,12 390 000 Ft,,VOLVO,XC40,2021/5,58 325 km,Hibrid (Benzin),"132 kW, 179 LE",Normál,452 liter,Városi terepjáró (crossover),5 fő,Kék (metál),1 477 cm³,Első kerék,Automata (7 fokozatú),"1,9 l/100km"
21780656,12 490 000 Ft,,MERCEDES-BENZ,A-OSZTÁLY,2024/6,2 750 km,Benzin,"100 kW, 136 LE",Megkímélt,355 liter,Ferdehátú,5 fő,Fehér,1 332 cm³,Első kerék,Automata (7 fokozatú),
22012049,12 490 000 Ft,,MERCEDES-BENZ,A-OSZTÁLY,2024/5,24 737 km,Benzin,"100 kW, 136 LE",Kitűnő,355 liter,Ferdehátú,5 fő,Ezüst,1 332 cm³,Első kerék,Automata (7 fokozatú),
21889327,12 490 000 Ft,,BMW,2-ES SOROZAT,2024/4,25 000 km,Benzin,"103 kW, 140 LE",Kitűnő,430 liter,Coupe,5 fő,Fehér,1 499 cm³,Első kerék,Automata (7 fokozatú),"5,3 l/100km"
21376499,12 490 000 Ft,,MERCEDES-BENZ,CLA-OSZTÁLY,2022/8,50 185 km,Benzin,"120 kW, 163 LE",Normál,460 liter,Kombi,5 fő,Szürke,1 332 cm³,Első kerék,,
21063808,12 490 000 Ft,,BMW,X SOROZAT,2023/7,5 861 km,Benzin,"100 kW, 136 LE",Megkímélt,470 liter,Városi terepjáró (crossover),5 fő,Kék (metál),1 499 cm³,Első kerék,,"5,8 l/100km"
21944557,12 500 000 Ft,,HONDA,S 2000,2005/5,77 144 km,Benzin,"177 kW, 241 LE",Normál,143 liter,Cabrio,2 fő,Szürke,1 997 cm³,Hátsó kerék,Manuális (6 fokozatú),
21771060,12 590 000 Ft,,MERCEDES-BENZ,A-OSZTÁLY,2024/3,8 700 km,Benzin,"120 kW, 163 LE",Újszerű,355 liter,Ferdehátú,5 fő,Fehér,1 332 cm³,Első kerék,Automata (7 fokozatú),
22110659,12 790 000 Ft,,BMW,2-ES SOROZAT,2024/8,7 000 km,Benzin,"100 kW, 136 LE",Kitűnő,430 liter,Coupe,5 fő,Kék (metál),1 499 cm³,Első kerék,Automata (7 fokozatú),"5,9 l/100km"
22018629,12 790 000 Ft,,MERCEDES-BENZ,CLA-OSZTÁLY,2023/4,58 784 km,Dízel,"110 kW, 150 LE",Kitűnő,460 liter,Coupe,5 fő,Fekete (metál),1 950 cm³,Összkerék,Automata (8 fokozatú),"4,4 l/100km"
21965245,12 790 000 Ft,,MERCEDES-BENZ,GLB-OSZTÁLY,2020/6,89 587 km,Dízel,"110 kW, 150 LE",Kitűnő,570 liter,Kombi,5 fő,Szürke (metál),1 950 cm³,Első kerék,Automata (8 fokozatú),5 l/100km
22097363,12 990 000 Ft,,MERCEDES-BENZ,GLA-OSZTÁLY,2021/3,111 497 km,Hibrid (Benzin),"118 kW, 160 LE",Kitűnő,385 liter,Városi terepjáró (crossover),5 fő,Fehér,1 332 cm³,Első kerék,Automata (8 fokozatú),"1,8 l/100km"
22012244,12 990 000 Ft,,MERCEDES-BENZ,GLB-OSZTÁLY,2023/10,36 812 km,Benzin,"100 kW, 136 LE",Kitűnő,570 liter,Kombi,7 fő,Fekete,1 332 cm³,Első kerék,Automata (7 fokozatú),"6,2 l/100km"
21970902,12 990 000 Ft,,MERCEDES-BENZ,CLA-OSZTÁLY,2024/4,21 429 km,Benzin,"100 kW, 136 LE",Kitűnő,460 liter,Kombi,5 fő,Ezüst (metál),1 332 cm³,Első kerék,Automata (7 fokozatú),
21962729,12 990 000 Ft,,MERCEDES-BENZ,A-OSZTÁLY,2024/7,3 083 km,Benzin,"100 kW, 136 LE",Kitűnő,355 liter,Ferdehátú,5 fő,Fehér,1 332 cm³,Első kerék,Automata (7 fokozatú),
21927682,12 990 000 Ft,,MERCEDES-BENZ,A-OSZTÁLY,2023/4,12 163 km,Dízel,"85 kW, 116 LE",Kitűnő,345 liter,Ferdehátú,5 fő,Szürke (metál),1 950 cm³,Első kerék,Automata (8 fokozatú),
21765555,12 990 000 Ft,,MERCEDES-BENZ,CLA-OSZTÁLY,2023/11,37 316 km,Benzin,"120 kW, 163 LE",Kitűnő,460 liter,Kombi,5 fő,Ezüst (metál),1 332 cm³,Első kerék,Automata (7 fokozatú),
22122355,12 999 000 Ft,,OPEL,ASTRA,2024/8,7 200 km,Elektromos,"115 kW, 156 LE",Újszerű,516 liter,Kombi,5 fő,Sötétszürke (metál),,Első kerék,Fokozatmentes automata,
21690471,12 999 900 Ft,,VOLKSWAGEN,TOUAREG,2019/4,182 224 km,Dízel,"210 kW, 286 LE",Normál,810 liter,Városi terepjáró (crossover),5 fő,(metál),2 967 cm³,Összkerék,Automata (8 fokozatú tiptronic),"6,9 l/100km"
21366341,13 199 900 Ft,,BMW,4-ES SOROZAT,2018/5,118 000 km,Benzin,"265 kW, 360 LE",Kitűnő,480 liter,Coupe,5 fő,,2 998 cm³,Hátsó kerék,Automata (8 fokozatú tiptronic),"6,8 l/100km"
22113896,13 490 000 Ft,,VOLVO,XC60,2020/2,41 821 km,Dízel,"145 kW, 197 LE",Kitűnő,483 liter,Városi terepjáró (crossover),5 fő,Sötétbarna (metál),1 969 cm³,Összkerék,Automata (8 fokozatú tiptronic),
22082551,13 490 000 Ft,,VOLVO,XC40,2024/11,25 000 km,Benzin,"120 kW, 163 LE",Újszerű,452 liter,Városi terepjáró (crossover),5 fő,Szürke (metál),1 969 cm³,Első kerék,Automata (7 fokozatú),
22082396,13 490 000 Ft,,VOLVO,XC40,2024/11,25 000 km,Benzin,"120 kW, 163 LE",Újszerű,452 liter,Városi terepjáró (crossover),5 fő,Fekete (metál),1 969 cm³,Első kerék,Automata (7 fokozatú),
22082295,13 490 000 Ft,,VOLVO,XC40,2024/11,25 000 km,Benzin,"120 kW, 163 LE",Újszerű,452 liter,Városi terepjáró (crossover),5 fő,Szürke,1 969 cm³,Első kerék,Automata (7 fokozatú),
21936679,13 490 000 Ft,,MERCEDES-BENZ,CLA-OSZTÁLY,2023/11,28 697 km,Dízel,"85 kW, 116 LE",Kitűnő,450 liter,Kombi,5 fő,Fekete,1 950 cm³,Első kerék,Automata (8 fokozatú),"5,1 l/100km"
21874859,13 490 000 Ft,,MERCEDES-BENZ,CLA-OSZTÁLY,2022/5,67 000 km,Dízel,"140 kW, 190 LE",Megkímélt,450 liter,Kombi,5 fő,Ezüst (metál),1 950 cm³,Összkerék,Automata (8 fokozatú),"4,4 l/100km"
21765336,13 490 000 Ft,,MERCEDES-BENZ,A-OSZTÁLY,2023/10,27 187 km,Hibrid (Benzin),"118 kW, 160 LE",Kitűnő,345 liter,Sedan,5 fő,Bordó (metál),1 332 cm³,Első kerék,Automata (8 fokozatú),"1,4 l/100km"
22067095,13 499 000 Ft,,BMW,2-ES SOROZAT,2024/2,19 000 km,Benzin,"150 kW, 204 LE",Újszerű,415 liter,Egyterű,5 fő,Fehér,1 998 cm³,Összkerék,,
21479260,13 499 000 Ft,,VOLKSWAGEN,T-ROC,2024/12,300 km,Benzin,"110 kW, 150 LE",Újszerű,445 liter,Városi terepjáró (crossover),5 fő,Ezüst,1 498 cm³,Első kerék,,
22082305,13 590 000 Ft,,VOLVO,XC40,2023/6,29 568 km,Benzin,"120 kW, 163 LE",Újszerű,452 liter,Városi terepjáró (crossover),5 fő,Ezüst (metál),1 969 cm³,Első kerék,,
21957320,13 590 000 Ft,,MERCEDES-BENZ,EQB,2022/4,52 105 km,Elektromos,"168 kW, 228 LE",Normál,495 liter,Kombi,5 fő,,,Összkerék,Fokozatmentes automata,
21253020,13 670 000 Ft,,LAND ROVER,DISCOVERY,2018/1,108 369 km,Dízel,"190 kW, 258 LE",Normál,1 231 liter,Terepjáró,5 fő,Szürke,2 993 cm³,Összkerék,Automata (8 fokozatú tiptronic),"7,2 l/100km"
22082590,13 690 000 Ft,,VOLVO,XC40,2024/11,25 000 km,Benzin,"120 kW, 163 LE",Újszerű,452 liter,Városi terepjáró (crossover),5 fő,Kék (metál),1 969 cm³,Első kerék,Automata (7 fokozatú),
22002506,13 690 000 Ft,,MERCEDES-BENZ,CLA-OSZTÁLY,2023/9,9 900 km,Dízel,"110 kW, 150 LE",Újszerű,445 liter,Coupe,5 fő,Fekete,1 950 cm³,Első kerék,Automata (8 fokozatú),
22130211,13 888 000 Ft,,MINI,COUNTRYMAN,2024/7,15 900 km,Benzin,"115 kW, 156 LE",Kitűnő,436 liter,Kombi,5 fő,Szürke (metál),1 499 cm³,Első kerék,Automata,
22124982,13 890 000 Ft,,MERCEDES-BENZ,GLA-OSZTÁLY,2020/11,60 000 km,Benzin,"120 kW, 163 LE",Sérülésmentes,435 liter,Városi terepjáró (crossover),5 fő,Sötétszürke,1 332 cm³,Első kerék,Automata (7 fokozatú),6 l/100km
21971238,13 900 000 Ft,,AUDI,A5,2021/8,9 472 km,Benzin,"110 kW, 150 LE",Normál,370 liter,Cabrio,5 fő,Kék (metál),1 984 cm³,Első kerék,Automata,"6,3 l/100km"
20939093,13 957 300 Ft,,MERCEDES-BENZ,A-OSZTÁLY,2023/10,34 666 km,Benzin,"165 kW, 224 LE",Kitűnő,345 liter,Ferdehátú,5 fő,Ezüst (metál),1 991 cm³,Összkerék,Automata (8 fokozatú),"6,6 l/100km"
22038356,13 970 000 Ft,,FORD,FOCUS,2019/1,38 832 km,Benzin,"257 kW, 349 LE",Normál,363 liter,Ferdehátú,5 fő,Kék,2 300 cm³,Összkerék,Manuális (6 fokozatú),"7,7 l/100km"
22073973,13 990 000 Ft,,MERCEDES-BENZ,A-OSZTÁLY,2023/12,27 567 km,Hibrid (Benzin),"120 kW, 163 LE",Kitűnő,310 liter,Ferdehátú,5 fő,Piros (metál),1 332 cm³,Első kerék,Automata (8 fokozatú),
22016810,13 990 000 Ft,,VOLVO,EX30,2024/5,24 140 km,Elektromos,"200 kW, 272 LE",Újszerű,318 liter,Kombi,5 fő,Sötétszürke (metál),,Hátsó kerék,Fokozatmentes automata,
22016775,13 990 000 Ft,,VOLVO,EX30,2024/5,17 233 km,Elektromos,"200 kW, 272 LE",Újszerű,318 liter,Kombi,5 fő,Fehér (metál),,Hátsó kerék,Fokozatmentes automata,
21969753,13 990 000 Ft,,MERCEDES-BENZ,C-OSZTÁLY,2022/4,99 962 km,Dízel,"147 kW, 200 LE",Kitűnő,490 liter,Kombi,5 fő,Ezüst (metál),1 993 cm³,Összkerék,Automata (9 fokozatú tiptronic),
21943712,13 990 000 Ft,,MERCEDES-BENZ,CLA-OSZTÁLY,2023/10,42 787 km,Benzin,"100 kW, 136 LE",Kitűnő,460 liter,Kombi,5 fő,Piros (metál),1 332 cm³,Első kerék,Automata (7 fokozatú),
21865713,13 990 000 Ft,,VOLVO,EX30,2024/5,16 391 km,Elektromos,"200 kW, 272 LE",Újszerű,318 liter,Kombi,5 fő,Szürke (metál),,Hátsó kerék,Fokozatmentes automata,
19562655,13 990 000 Ft,,MERCEDES-BENZ,A-OSZTÁLY,2023/5,49 000 km,Benzin,"120 kW, 163 LE",Kitűnő,355 liter,Ferdehátú,5 fő,Fehér,1 332 cm³,Első kerék,Automata (7 fokozatú),
22085445,13 999 000 Ft,,BMW,4-ES SOROZAT,2021/4,61 200 km,Dízel,"140 kW, 190 LE",Kitűnő,440 liter,Coupe,4 fő,Világoskék (metál),1 995 cm³,Összkerék,Automata (8 fokozatú tiptronic),"4,6 l/100km"
21746371,14 190 000 Ft,,MERCEDES-BENZ,E-OSZTÁLY,2021/3,75 492 km,Hibrid (Benzin),"155 kW, 211 LE",Kitűnő,370 liter,Sedan,5 fő,Fekete (metál),1 991 cm³,Hátsó kerék,Automata (9 fokozatú tiptronic),"1,8 l/100km"
19126183,14 190 000 Ft,,MERCEDES-BENZ,CLA-OSZTÁLY,2022/10,63 000 km,Benzin,"120 kW, 163 LE",Kitűnő,460 liter,Coupe,5 fő,Ezüst (metál),1 332 cm³,Első kerék,Automata (7 fokozatú),
21966753,14 290 000 Ft,,MERCEDES-BENZ,EQB,2024/3,32 000 km,Elektromos,"140 kW, 190 LE",Újszerű,495 liter,Városi terepjáró (crossover),5 fő,Fehér,,Első kerék,Fokozatmentes automata,
21478026,14 290 000 Ft,,SKODA,KAROQ,2024/12,300 km,Benzin,"110 kW, 150 LE",Újszerű,521 liter,Városi terepjáró (crossover),5 fő,Fehér,1 498 cm³,Első kerék,,
22016827,14 490 000 Ft,,VOLVO,EX30,2024/5,24 708 km,Elektromos,"200 kW, 272 LE",Újszerű,318 liter,Kombi,5 fő,Sötétszürke (metál),,Hátsó kerék,Fokozatmentes automata,
21901100,14 490 000 Ft,,VOLVO,EX30,2024/5,15 436 km,Elektromos,"200 kW, 272 LE",Újszerű,318 liter,Kombi,5 fő,Fekete (metál),,Hátsó kerék,Fokozatmentes automata,
21849446,14 490 000 Ft,,BMW,1-ES SOROZAT,2023/9,18 901 km,Dízel,"110 kW, 150 LE",Újszerű,380 liter,Ferdehátú,5 fő,Fekete,1 995 cm³,Első kerék,Automata (8 fokozatú tiptronic),"4,4 l/100km"
21741945,14 690 000 Ft,,MERCEDES-BENZ,GLA-OSZTÁLY,2024/1,19 601 km,Benzin,"100 kW, 136 LE",Kitűnő,425 liter,Városi terepjáró (crossover),5 fő,Fehér,1 332 cm³,Első kerék,Automata (7 fokozatú),
20937282,14 790 000 Ft,,MERCEDES-BENZ,A-OSZTÁLY,2023/10,48 728 km,Benzin,"140 kW, 190 LE",Kitűnő,355 liter,Ferdehátú,5 fő,Szürke (metál),1 991 cm³,Összkerék,Automata (8 fokozatú),
22057836,14 990 000 Ft,,MERCEDES-AMG,GLB,2021/5,98 784 km,Benzin,"225 kW, 306 LE",Kitűnő,,Egyterű,5 fő,Szürke (metál),1 991 cm³,Összkerék,Automata (8 fokozatú),
22048707,14 990 000 Ft,,MERCEDES-AMG,CLA,2022/1,65 158 km,Benzin,"225 kW, 306 LE",Kitűnő,505 liter,Kombi,5 fő,Fehér,1 991 cm³,Összkerék,Automata (7 fokozatú),"7,5 l/100km"
22040807,14 990 000 Ft,,MERCEDES-BENZ,CLA-OSZTÁLY,2024/4,13 475 km,Benzin,"100 kW, 136 LE",Kitűnő,460 liter,Coupe,5 fő,Szürke (metál),1 332 cm³,Első kerék,Automata (7 fokozatú),
20122550,14 990 000 Ft,,MERCEDES-BENZ,CLA-OSZTÁLY,2023/6,34 500 km,Dízel,"110 kW, 150 LE",Normál,450 liter,Coupe,5 fő,Fekete,1 950 cm³,Első kerék,Automata (8 fokozatú),
22114014,15 490 000 Ft,,BMW,1-ES SOROZAT,2024/10,12 300 km,Dízel,"140 kW, 190 LE",Kitűnő,380 liter,Ferdehátú,5 fő,Szürke (metál),1 995 cm³,Első kerék,Automata (8 fokozatú tiptronic),"4,6 l/100km"
22104939,15 490 000 Ft,,MERCEDES-BENZ,GLA-OSZTÁLY,2023/9,52 000 km,Hibrid (Benzin),"118 kW, 160 LE",Normál,385 liter,Városi terepjáró (crossover),5 fő,Fekete,1 332 cm³,Első kerék,Automata (8 fokozatú),"1,8 l/100km"
21989696,15 490 000 Ft,,MERCEDES-BENZ,GLA-OSZTÁLY,2024/4,23 162 km,Benzin,"100 kW, 136 LE",Kitűnő,425 liter,Városi terepjáró (crossover),5 fő,Fekete,1 332 cm³,Első kerék,Automata (7 fokozatú),
21656167,15 490 000 Ft,,BMW,3-AS SOROZAT,2021/4,75 326 km,Hibrid (Benzin),"135 kW, 184 LE",Megkímélt,410 liter,Kombi,5 fő,Sötétszürke (metál),1 998 cm³,Hátsó kerék,Automata (8 fokozatú tiptronic),
21454645,15 490 000 Ft,,MERCEDES-BENZ,B-OSZTÁLY,2023/6,20 km,Benzin,"120 kW, 163 LE",Kitűnő,455 liter,Egyterű,5 fő,Ezüst (metál),1 332 cm³,Első kerék,Automata (7 fokozatú),
21177286,15 499 000 Ft,,FORD,KUGA,2024/6,2 500 km,Benzin,"132 kW, 179 LE",Újszerű,412 liter,Városi terepjáró (crossover),5 fő,Szürke,2 488 cm³,Első kerék,Fokozatmentes automata,
20990858,15 499 000 Ft,,FORD,KUGA,2024/6,2 500 km,Hibrid (Benzin),"165 kW, 224 LE",Újszerű,412 liter,Városi terepjáró (crossover),5 fő,Fekete,2 488 cm³,Első kerék,Fokozatmentes automata,
20990543,15 499 000 Ft,,FORD,KUGA,2024/6,2 500 km,Benzin,"134 kW, 182 LE",Újszerű,412 liter,Városi terepjáró (crossover),5 fő,Kék,2 488 cm³,Első kerék,Fokozatmentes automata,
21953633,15 799 000 Ft,,MERCEDES-BENZ,A-OSZTÁLY,2023/3,10 000 km,Benzin,"120 kW, 163 LE",Normál,355 liter,Ferdehátú,5 fő,Fekete,1 332 cm³,Első kerék,Automata (7 fokozatú),
22005131,15 890 000 Ft,,BMW,3-AS SOROZAT,2024/9,6 200 km,Benzin,"135 kW, 184 LE",Újszerű,480 liter,Sedan,5 fő,Fehér,1 998 cm³,Hátsó kerék,Automata (8 fokozatú tiptronic),
22132664,15 890 000 Ft,,MERCEDES-BENZ,A-OSZTÁLY,2024/1,50 788 km,Hibrid (Benzin),"120 kW, 163 LE",Kitűnő,310 liter,Ferdehátú,5 fő,Fekete,1 332 cm³,Első kerék,Automata (8 fokozatú),
21911011,15 899 900 Ft,,PORSCHE,MACAN,2018/8,78 664 km,Benzin,"185 kW, 252 LE",Kitűnő,500 liter,Kombi,5 fő,(metál),1 984 cm³,Összkerék,Automata,"7,2 l/100km"
22106877,15 990 000 Ft,,MERCEDES-BENZ,GLC-OSZTÁLY,2022/6,109 986 km,Dízel,"143 kW, 194 LE",Kitűnő,500 liter,Városi terepjáró (crossover),5 fő,Szürke (metál),1 950 cm³,Összkerék,Automata (9 fokozatú tiptronic),
22077764,15 990 000 Ft,,MERCEDES-BENZ,C-OSZTÁLY,2023/12,72 089 km,Dízel,"147 kW, 200 LE",Kitűnő,455 liter,Sedan,5 fő,Ezüst (metál),1 993 cm³,Összkerék,Automata (9 fokozatú tiptronic),
21905068,15 990 000 Ft,,BMW,4-ES SOROZAT,2022/7,45 000 km,Dízel,"140 kW, 190 LE",Újszerű,470 liter,Ferdehátú,5 fő,Szürke (metál),1 995 cm³,Összkerék,Automata (8 fokozatú tiptronic),
21454702,15 990 000 Ft,,MERCEDES-BENZ,B-OSZTÁLY,2022/6,7 500 km,Benzin,"165 kW, 224 LE",Kitűnő,435 liter,Egyterű,5 fő,Fehér,1 991 cm³,Első kerék,Automata (7 fokozatú),
21125423,15 990 000 Ft,,VOLVO,EX30,2024/2,20 000 km,Elektromos,"200 kW, 272 LE",Normál,318 liter,Kombi,5 fő,,,Hátsó kerék,Fokozatmentes automata,
20000137,15 990 000 Ft,,MERCEDES-AMG,A-OSZTÁLY,2021/6,23 587 km,,"225 kW, 306 LE",Normál,,Ferdehátú,5 fő,Fehér,,,,
18702017,15 990 000 Ft,,MERCEDES-BENZ,A-OSZTÁLY,2021/6,23 587 km,Benzin,"225 kW, 306 LE",Újszerű,,Ferdehátú,5 fő,Fehér,1 991 cm³,,Automata (7 fokozatú),
20990637,15 999 000 Ft,,FORD,KUGA,2024/6,2 500 km,Hibrid (Benzin),"112 kW, 152 LE",Újszerű,405 liter,Városi terepjáró (crossover),5 fő,,2 488 cm³,Első kerék,Fokozatmentes automata,"1,2 l/100km"
22102555,16 290 000 Ft,,VOLVO,XC60,2023/5,79 799 km,Dízel,"145 kW, 197 LE",Kitűnő,483 liter,Városi terepjáró (crossover),5 fő,Világosszürke (metál),1 969 cm³,Összkerék,Automata (8 fokozatú tiptronic),"5,6 l/100km"
21562325,16 290 000 Ft,,VOLVO,EX30,2024/6,6 010 km,Elektromos,"200 kW, 272 LE",Normál,318 liter,Kombi,5 fő,,,Hátsó kerék,Fokozatmentes automata,
22059114,16 390 000 Ft,,MERCEDES-BENZ,GLA-OSZTÁLY,2024/8,10 766 km,Benzin,"120 kW, 163 LE",Normál,435 liter,Városi terepjáró (crossover),5 fő,Kék,1 332 cm³,Első kerék,Automata (7 fokozatú),6 l/100km
21907009,16 490 000 Ft,,MERCEDES-BENZ,CLA-OSZTÁLY,2023/5,36 730 km,Dízel,"140 kW, 190 LE",Kitűnő,460 liter,Coupe,5 fő,Fehér (metál),1 950 cm³,Első kerék,Automata (8 fokozatú),
21615047,16 490 000 Ft,,VOLVO,C40,2024/3,23 057 km,Elektromos,"185 kW, 252 LE",Normál,413 liter,Kombi,5 fő,Fehér (metál),,Hátsó kerék,Fokozatmentes automata,
21488804,16 490 000 Ft,,BMW,X SOROZAT,2020/10,96 144 km,Dízel,"240 kW, 326 LE",Megkímélt,550 liter,Városi terepjáró (crossover),5 fő,Kék (metál),2 993 cm³,Összkerék,Automata (8 fokozatú tiptronic),"6,4 l/100km"
22050718,16 499 900 Ft,,BMW,Z SOROZAT,2019/9,44 552 km,Benzin,"250 kW, 340 LE",Normál,281 liter,Cabrio,2 fő,(metál),2 998 cm³,Hátsó kerék,Automata (8 fokozatú tiptronic),"7,3 l/100km"
22010047,16 590 000 Ft,,VOLVO,EX30,2024/11,3 580 km,Elektromos,"200 kW, 272 LE",Normál,318 liter,Kombi,5 fő,,,Hátsó kerék,Fokozatmentes automata,
22009941,16 590 000 Ft,,VOLVO,EX30,2024/11,4 408 km,Elektromos,"200 kW, 272 LE",Normál,318 liter,Kombi,5 fő,,,Hátsó kerék,Fokozatmentes automata,
22102492,16 790 000 Ft,,VOLVO,XC60,2023/5,53 921 km,Dízel,"145 kW, 197 LE",Kitűnő,483 liter,Városi terepjáró (crossover),5 fő,Sötétszürke (metál),1 969 cm³,Összkerék,Automata (8 fokozatú tiptronic),"5,6 l/100km"
21714939,16 990 000 Ft,,VOLVO,V90,2023/6,62 831 km,Dízel,"145 kW, 197 LE",Megkímélt,560 liter,Kombi,5 fő,,1 969 cm³,Első kerék,Automata (8 fokozatú tiptronic),"5,2 l/100km"
21516805,16 990 000 Ft,,MERCEDES-BENZ,C-OSZTÁLY,2023/5,46 738 km,Dízel,"147 kW, 200 LE",Kitűnő,490 liter,Kombi,5 fő,Fekete,1 993 cm³,Összkerék,Automata (9 fokozatú tiptronic),
21296696,16 990 000 Ft,,VOLVO,S90,2023/3,32 171 km,Benzin,"184 kW, 250 LE",Normál,461 liter,Sedan,5 fő,Fehér,1 969 cm³,Első kerék,Automata (8 fokozatú tiptronic),"6,6 l/100km"
21251728,16 990 000 Ft,,BMW,X SOROZAT,2023/10,31 449 km,Benzin,"131 kW, 178 LE",Megkímélt,470 liter,Városi terepjáró (crossover),5 fő,Fekete (metál),1 998 cm³,Összkerék,Automata (8 fokozatú tiptronic),"6,6 l/100km"
19894521,17 190 000 Ft,,BMW,5-ÖS SOROZAT,2021/11,19 000 km,Hibrid (Benzin),"135 kW, 184 LE",Kitűnő,410 liter,Sedan,5 fő,,1 998 cm³,Hátsó kerék,Automata (8 fokozatú tiptronic),
21985505,17 290 000 Ft,,MERCEDES-BENZ,GLA-OSZTÁLY,2023/12,33 040 km,Dízel,"110 kW, 150 LE",Kitűnő,435 liter,Városi terepjáró (crossover),5 fő,Fekete,1 950 cm³,Első kerék,Automata (8 fokozatú),"4,8 l/100km"
21784232,17 290 000 Ft,,BMW,3-AS SOROZAT,2023/3,68 000 km,Hibrid (Benzin),"135 kW, 184 LE",Normál,410 liter,Kombi,5 fő,Sötétszürke (metál),1 998 cm³,Összkerék,Automata (8 fokozatú tiptronic),
21768961,17 390 000 Ft,,VOLVO,V60,2024/2,27 502 km,Dízel,"145 kW, 197 LE",Normál,519 liter,Kombi,5 fő,Ezüst (metál),1 969 cm³,Első kerék,Automata (8 fokozatú tiptronic),"4,9 l/100km"
22059342,17 490 000 Ft,,BMW,I SOROZAT,2022/6,28 000 km,Elektromos,"250 kW, 340 LE",Kitűnő,470 liter,Coupe,5 fő,,,Hátsó kerék,Fokozatmentes automata,
21454785,17 490 000 Ft,,MERCEDES-BENZ,GLB-OSZTÁLY,2022/1,23 000 km,Benzin,"165 kW, 224 LE",Kitűnő,570 liter,Kombi,7 fő,Fehér,1 991 cm³,Összkerék,Automata (8 fokozatú),"7,4 l/100km"
21302271,17 490 000 Ft,,BMW,2-ES SOROZAT,2024/1,8 157 km,Hibrid (Benzin),"100 kW, 136 LE",Újszerű,406 liter,Egyterű,5 fő,Szürke (metál),1 499 cm³,Összkerék,Automata (7 fokozatú),
21965036,17 890 000 Ft,,KIA,SORENTO,2023/11,74 309 km,Dízel,"142 kW, 193 LE",Normál,705 liter,Városi terepjáró (crossover),5 fő,Kék (metál),2 151 cm³,Összkerék,Automata,
21932574,17 900 000 Ft,,MERCEDES-BENZ,GLA-OSZTÁLY,2024/3,23 984 km,Dízel,"110 kW, 150 LE",Kitűnő,435 liter,Városi terepjáró (crossover),5 fő,Fekete,1 950 cm³,Összkerék,Automata (8 fokozatú),"5,2 l/100km"
22125398,17 990 000 Ft,,MERCEDES-BENZ,GLC-OSZTÁLY,2022/12,66 340 km,Dízel,"143 kW, 194 LE",Kitűnő,500 liter,Városi terepjáró (crossover),5 fő,Fehér,1 950 cm³,Összkerék,Automata (9 fokozatú tiptronic),
22117982,17 990 000 Ft,,BMW,3-AS SOROZAT,2024/6,10 940 km,Benzin,"135 kW, 184 LE",Megkímélt,480 liter,Sedan,5 fő,Kék (metál),1 998 cm³,Összkerék,Automata (8 fokozatú tiptronic),
22115474,17 990 000 Ft,,BMW,3-AS SOROZAT,2023/11,15 850 km,Hibrid (Benzin),"135 kW, 184 LE",Újszerű,410 liter,Kombi,5 fő,Fekete,1 998 cm³,Összkerék,Automata (8 fokozatú tiptronic),
22105010,17 990 000 Ft,,BMW,4-ES SOROZAT,2024/6,25 500 km,Dízel,"140 kW, 190 LE",Kitűnő,440 liter,Coupe,4 fő,Bordó (metál),1 995 cm³,Összkerék,Automata (8 fokozatú tiptronic),"4,6 l/100km"
22009128,17 990 000 Ft,,VOLVO,XC90,2021/9,82 912 km,Dízel,"173 kW, 235 LE",Újszerű,310 liter,Városi terepjáró (crossover),7 fő,Sötétkék (metál),1 969 cm³,Összkerék,Automata (8 fokozatú tiptronic),
21757365,17 990 000 Ft,,BMW,7-ES SOROZAT,2019/10,90 665 km,Hibrid (Benzin),"210 kW, 286 LE",Megkímélt,420 liter,Sedan,5 fő,Szürke (metál),2 998 cm³,Összkerék,Automata (8 fokozatú tiptronic),
21706875,17 990 000 Ft,,BMW,3-AS SOROZAT,2023/8,24 010 km,Dízel,"140 kW, 190 LE",Megkímélt,500 liter,Kombi,5 fő,Kék (metál),1 995 cm³,Hátsó kerék,Automata (8 fokozatú tiptronic),
21063855,17 990 000 Ft,,VOLVO,XC60,2023/6,28 076 km,Dízel,"145 kW, 197 LE",Megkímélt,483 liter,Városi terepjáró (crossover),5 fő,Kék,1 969 cm³,Összkerék,Automata (8 fokozatú tiptronic),"5,6 l/100km"
20936555,17 990 000 Ft,,BMW,2-ES SOROZAT,2023/9,35 181 km,Benzin,"225 kW, 306 LE",Megkímélt,430 liter,Coupe,5 fő,Fekete (metál),1 998 cm³,Összkerék,Automata (8 fokozatú tiptronic),
20912621,17 990 000 Ft,,VOLVO,V60,2023/2,33 780 km,Hibrid (Benzin),"186 kW, 253 LE",Megkímélt,519 liter,Kombi,5 fő,Bézs,1 969 cm³,Összkerék,Automata (8 fokozatú tiptronic),
20827664,18 490 000 Ft,,MERCEDES-BENZ,EQB,2024/2,10 500 km,Elektromos,"168 kW, 228 LE",Kitűnő,495 liter,Kombi,7 fő,Sötétszürke (metál),,Összkerék,Fokozatmentes automata,
21405046,18 888 000 Ft,,MERCEDES-BENZ,C-OSZTÁLY,2024/3,47 434 km,Dízel,"120 kW, 163 LE",Kitűnő,490 liter,Kombi,5 fő,Fekete (metál),1 993 cm³,Hátsó kerék,Automata (9 fokozatú tiptronic),
22116680,18 990 000 Ft,,BMW,3-AS SOROZAT,2024/3,24 000 km,,"135 kW, 184 LE",Kitűnő,375 liter,Sedan,5 fő,Világosszürke (metál),1 998 cm³,Összkerék,Automata (8 fokozatú tiptronic),
22102711,18 990 000 Ft,,VOLVO,XC90,2022/6,84 804 km,Dízel,"173 kW, 235 LE",Kitűnő,310 liter,Városi terepjáró (crossover),7 fő,Szürke,1 969 cm³,Összkerék,Automata (8 fokozatú tiptronic),
22080624,18 990 000 Ft,,MERCEDES-BENZ,GLA-OSZTÁLY,2024/8,16 000 km,Hibrid (Benzin),"120 kW, 163 LE",Normál,385 liter,Városi terepjáró (crossover),5 fő,Ezüst (metál),1 332 cm³,Első kerék,Automata (8 fokozatú),
22025906,18 990 000 Ft,,BMW,4-ES SOROZAT,2024/6,26 500 km,Dízel,"140 kW, 190 LE",Kitűnő,470 liter,Coupe,5 fő,Kék (metál),1 995 cm³,Összkerék,Automata (8 fokozatú tiptronic),
22055735,18 999 000 Ft,,BMW,3-AS SOROZAT,2024/8,33 000 km,Hibrid (Benzin),"135 kW, 184 LE",Kitűnő,375 liter,Sedan,5 fő,Világosszürke (metál),1 998 cm³,Összkerék,Automata (8 fokozatú tiptronic),
22125390,19 490 000 Ft,,MERCEDES-BENZ,GLB-OSZTÁLY,2024/6,38 077 km,Dízel,"110 kW, 150 LE",Kitűnő,570 liter,Kombi,5 fő,Szürke (metál),1 950 cm³,Összkerék,Automata (8 fokozatú),"5,5 l/100km"
22115484,19 490 000 Ft,,BMW,3-AS SOROZAT,2024/1,20 600 km,Hibrid,"135 kW, 184 LE",Kitűnő,410 liter,Kombi,5 fő,Világosszürke (metál),1 998 cm³,Összkerék,Automata (8 fokozatú tiptronic),
21525618,19 490 000 Ft,,MERCEDES-BENZ,B-OSZTÁLY,2023/3,9 900 km,Hibrid (Benzin),"120 kW, 163 LE",Kitűnő,405 liter,Egyterű,5 fő,Ezüst (metál),1 332 cm³,Első kerék,Automata (8 fokozatú),
20064431,19 499 000 Ft,,MERCEDES-BENZ,C-OSZTÁLY,2023/6,13 km,Benzin,"135 kW, 184 LE",Kitűnő,360 liter,Coupe,4 fő,Fehér,1 497 cm³,Hátsó kerék,Automata (9 fokozatú tiptronic),"6,5 l/100km"
21359436,19 590 000 Ft,,MERCEDES-BENZ,VITO,2023/12,5 300 km,Dízel,"120 kW, 163 LE",Normál,990 liter,Egyterű,9 fő,Sötétszürke,1 950 cm³,Hátsó kerék,Automata (9 fokozatú tiptronic),"5,8 l/100km"
22126041,19 690 000 Ft,,MERCEDES-BENZ,GLE-OSZTÁLY,2020/6,117 293 km,Benzin,"270 kW, 367 LE",Kitűnő,690 liter,Városi terepjáró (crossover),7 fő,Ezüst (metál),2 999 cm³,Összkerék,Automata (9 fokozatú tiptronic),"9,4 l/100km"
21914577,19 799 000 Ft,,BMW,3-AS SOROZAT,2024/9,6 200 km,Dízel,"140 kW, 190 LE",Újszerű,500 liter,Kombi,5 fő,Szürke (metál),1 995 cm³,Összkerék,Automata (8 fokozatú tiptronic),
22109008,19 890 000 Ft,,MERCEDES-BENZ,C-OSZTÁLY,2024/10,12 311 km,Dízel,"147 kW, 200 LE",Kitűnő,490 liter,Kombi,5 fő,Szürke,1 993 cm³,Összkerék,Automata (9 fokozatú tiptronic),
22108934,19 890 000 Ft,,MERCEDES-BENZ,C-OSZTÁLY,2024/10,12 311 km,Dízel,"147 kW, 200 LE",Kitűnő,490 liter,Kombi,5 fő,Szürke,1 993 cm³,Összkerék,Automata (9 fokozatú tiptronic),
22115530,19 990 000 Ft,,BMW,3-AS SOROZAT,2024/5,15 000 km,Hibrid (Benzin),"135 kW, 184 LE",Kitűnő,375 liter,Sedan,5 fő,Fehér,1 998 cm³,Összkerék,Automata (8 fokozatú tiptronic),
22115520,19 990 000 Ft,,BMW,3-AS SOROZAT,2024/10,15 000 km,,"135 kW, 184 LE",Újszerű,375 liter,Sedan,5 fő,Fehér,1 998 cm³,Összkerék,Automata (8 fokozatú tiptronic),
22102154,19 990 000 Ft,,MERCEDES-BENZ,EQA,2023/11,24 900 km,Elektromos,"215 kW, 292 LE",Normál,340 liter,Városi terepjáró (crossover),5 fő,,,Összkerék,Fokozatmentes automata,
