id,active,first seen,last seen,url
20604181,True,2025-07-24 20:03:00,2025-07-24 20:03:00,https://www.hasznaltauto.hu/szemelyauto/ford/puma/ford_puma_1.0_ecoboost_mhev_titanium_dct_2024_modell_ecoboost_hybrid_ford_petranyi-20604181#sid=12f334f6-e929-4a66-955f-34a33bfc1103
20789545,True,2025-07-24 20:03:00,2025-07-24 20:03:00,https://www.hasznaltauto.hu/szemelyauto/peugeot/rifter/peugeot_rifter_1.2_puretech_allure_ss_l1_kizarolag_gyartasrendelesbol_elerheto_modell-20789545#sid=12f334f6-e929-4a66-955f-34a33bfc1103
20927854,True,2025-07-24 20:03:00,2025-07-24 20:03:00,https://www.hasznaltauto.hu/szemelyauto/ford/explorer/ford_explorer_standard_range_52kwh_170le_4.5_kavosz_lizing_ford_petranyi_budaors-20927854#sid=12f334f6-e929-4a66-955f-34a33bfc1103
21091547,True,2025-07-24 20:03:00,2025-07-24 20:03:00,https://www.hasznaltauto.hu/szemelyauto/nissan/qashqai/nissan_qashqai_1.3_dig-t_mild_hybrid_acenta_tobb_szin_gyors_beerkezes-21091547#sid=12f334f6-e929-4a66-955f-34a33bfc1103
21153941,True,2025-07-24 20:03:00,2025-07-24 20:03:00,https://www.hasznaltauto.hu/szemelyauto/hyundai/tucson/hyundai_tucson_1.6_t-gdi_hybrid_executive_automata_20_jubileumi_kiadas_keszletrol_azonnal-21153941#sid=12f334f6-e929-4a66-955f-34a33bfc1103
21198537,True,2025-07-24 20:03:00,2025-07-24 20:03:00,https://www.hasznaltauto.hu/szemelyauto/citroen/c4_x/citroen_c4_x_1.2_puretech_you-21198537#sid=12f334f6-e929-4a66-955f-34a33bfc1103
21317660,True,2025-07-24 20:03:00,2025-07-24 20:03:00,https://www.hasznaltauto.hu/szemelyauto/peugeot/508/peugeot_508_1.6_puretech_phev_allure_eat8_rendelheto-21317660#sid=12f334f6-e929-4a66-955f-34a33bfc1103
21384061,True,2025-07-24 20:03:00,2025-07-24 20:03:00,https://www.hasznaltauto.hu/szemelyauto/peugeot/208/peugeot_208_1.2_hybrid_allure_e-dcs6_tesztauto-21384061#sid=12f334f6-e929-4a66-955f-34a33bfc1103
21411067,True,2025-07-24 20:03:00,2025-07-24 20:03:00,https://www.hasznaltauto.hu/szemelyauto/mazda/cx-30/mazda_cx-30_2.5_e-skyactive_centre-line_navi_carplay_android_auto_mo-imarkakereskedesbol-21411067#sid=12f334f6-e929-4a66-955f-34a33bfc1103
21433887,True,2025-07-24 20:03:00,2025-07-24 20:03:00,https://www.hasznaltauto.hu/szemelyauto/mazda/cx-80/mazda_cx-80_2.5_e-skyactiv_phev_homura_plus_awd_automata_7szemely_keszleten-21433887#sid=12f334f6-e929-4a66-955f-34a33bfc1103
21438474,True,2025-07-24 20:03:00,2025-07-24 20:03:00,https://www.hasznaltauto.hu/szemelyauto/mazda/cx-60/mazda_cx-60_3.3_skyactiv_d_homura_awd_automata_2025-os_modellev_coso_-_keszleten-21438474#sid=12f334f6-e929-4a66-955f-34a33bfc1103
21452380,True,2025-07-24 20:03:00,2025-07-24 20:03:00,https://www.hasznaltauto.hu/szemelyauto/citroen/c3/citroen_c3_1.2_puretech_you-21452380#sid=12f334f6-e929-4a66-955f-34a33bfc1103
21467062,True,2025-07-24 20:03:00,2025-07-24 20:03:00,https://www.hasznaltauto.hu/szemelyauto/nissan/x-trail/nissan_x-trail_1.5_vc-t_mild-hybrid_acenta_xtronic-21467062#sid=12f334f6-e929-4a66-955f-34a33bfc1103
21499903,True,2025-07-24 20:03:00,2025-07-24 20:03:00,https://www.hasznaltauto.hu/szemelyauto/citroen/c5_aircross/citroen_c5_aircross_1.5_bluehdi_max_eat8_keszletrol-21499903#sid=12f334f6-e929-4a66-955f-34a33bfc1103
21539452,True,2025-07-24 20:03:00,2025-07-24 20:03:00,https://www.hasznaltauto.hu/szemelyauto/opel/frontera/opel_frontera_automata_edition_elektromos_hajtaslanc_83_kw_113_le_45_kwh-21539452#sid=12f334f6-e929-4a66-955f-34a33bfc1103
21568933,True,2025-07-24 20:03:00,2025-07-24 20:03:00,https://www.hasznaltauto.hu/szemelyauto/omoda/omoda_5/omoda_omoda_5_bevezeto_ar_7_ev_gyari_garancia_keszletrol_ajandek_metalfenyezes-21568933#sid=12f334f6-e929-4a66-955f-34a33bfc1103
21612195,True,2025-07-24 20:03:00,2025-07-24 20:03:00,https://www.hasznaltauto.hu/szemelyauto/kia/ceed/kia_ceed_ceed_sw_1.0_t-gdi_silver_my22-es_magyar_szervizkonyv_kamera_afas_tobb_darab-21612195#sid=12f334f6-e929-4a66-955f-34a33bfc1103
21632037,True,2025-07-24 20:03:00,2025-07-24 20:03:00,https://www.hasznaltauto.hu/szemelyauto/opel/grandland/opel_grandland_1.2_t_mhev_edition_automata_keszletrol_tolato_kamera_ules_kormany_futes-21632037#sid=12f334f6-e929-4a66-955f-34a33bfc1103
21706910,True,2025-07-24 20:03:00,2025-07-24 20:03:00,https://www.hasznaltauto.hu/szemelyauto/peugeot/308/peugeot_308_1.5_bluehdi_allure_eat8_tesztauto-21706910#sid=12f334f6-e929-4a66-955f-34a33bfc1103
21734946,True,2025-07-24 20:03:00,2025-07-24 20:03:00,https://www.hasznaltauto.hu/szemelyauto/kia/sorento/kia_sorento_2.2_crdi_platinum_pro_4wd_dct_7szemely_bor_plusz_safesound_plusz_naptetoosszkerek7_szemely_tobb_szinben_azonnal-21734946#sid=12f334f6-e929-4a66-955f-34a33bfc1103
21759441,True,2025-07-24 20:04:00,2025-07-24 20:04:00,https://www.hasznaltauto.hu/szemelyauto/dacia/sandero/dacia_sandero_1.0_tce_expression_uj_dacia_sandero_tce_90_expression_azonnal_keszletrol-21759441#sid=12f334f6-e929-4a66-955f-34a33bfc1103
21805531,True,2025-07-24 20:04:00,2025-07-24 20:04:00,https://www.hasznaltauto.hu/szemelyauto/ssangyong/torres/ssangyong_torres_1.5_turbo_gdi_style_keszleten_10_ev_garancia-21805531#sid=12f334f6-e929-4a66-955f-34a33bfc1103
21815547,True,2025-07-24 20:04:00,2025-07-24 20:04:00,https://www.hasznaltauto.hu/szemelyauto/ford/capri/ford_capri_standard_range_automata_style_52kwh_170le_4.5_kavosz_lizing_vagy_allami_tamogatas-21815547#sid=12f334f6-e929-4a66-955f-34a33bfc1103
21834960,True,2025-07-24 20:04:00,2025-07-24 20:04:00,https://www.hasznaltauto.hu/szemelyauto/renault/clio/renault_clio_1.0_tce_winter_plusz_edition-21834960#sid=12f334f6-e929-4a66-955f-34a33bfc1103
21859248,True,2025-07-24 20:04:00,2025-07-24 20:04:00,https://www.hasznaltauto.hu/szemelyauto/ssangyong/rexton/ssangyong_rexton_2.2_e-xdi_premium_4wd_automata_7_szemelyes_keszleten-21859248#sid=12f334f6-e929-4a66-955f-34a33bfc1103
21891126,True,2025-07-24 20:04:00,2025-07-24 20:04:00,https://www.hasznaltauto.hu/szemelyauto/hyundai/ioniq_6/hyundai_ioniq_6_77_4kwh_prime_rwd_keszleten_meg_akar_allami_tamogatassal-21891126#sid=12f334f6-e929-4a66-955f-34a33bfc1103
21909155,True,2025-07-24 20:04:00,2025-07-24 20:04:00,https://www.hasznaltauto.hu/szemelyauto/kia/ev3/kia_ev3_58_3kwh_air_extran_megeros_ajanlat-21909155#sid=12f334f6-e929-4a66-955f-34a33bfc1103
21912815,True,2025-07-24 20:04:00,2025-07-24 20:04:00,https://www.hasznaltauto.hu/szemelyauto/opel/mokka/opel_mokka_1.2_t_edition_kedvezo_thm-el_fix_aron_elviheto_uj_auto-21912815#sid=12f334f6-e929-4a66-955f-34a33bfc1103
21915593,True,2025-07-24 20:04:00,2025-07-24 20:04:00,https://www.hasznaltauto.hu/szemelyauto/opel/astra_l/opel_astra_l_1.2_t_gs_edition_felszereltseggel_alacsonythm-el_akar_azonnal_elviheto-21915593#sid=12f334f6-e929-4a66-955f-34a33bfc1103
21932770,True,2025-07-24 20:04:00,2025-07-24 20:04:00,https://www.hasznaltauto.hu/szemelyauto/opel/corsa_f/opel_corsa_f_1.2_t_edition_akcios_modell_bevezeto_aron_kedvezo_finanszirozassal-21932770#sid=12f334f6-e929-4a66-955f-34a33bfc1103
21944672,True,2025-07-24 20:04:00,2025-07-24 20:04:00,https://www.hasznaltauto.hu/szemelyauto/kgm/actyon/kgm_actyon_1.5_t_gdi_premium_automata-21944672#sid=12f334f6-e929-4a66-955f-34a33bfc1103
21960271,True,2025-07-24 20:04:00,2025-07-24 20:04:00,https://www.hasznaltauto.hu/szemelyauto/peugeot/408/peugeot_408_1.2_hybrid_allure_e-dcs6_elorendelt_limitalt_darabszam-21960271#sid=12f334f6-e929-4a66-955f-34a33bfc1103
21966898,True,2025-07-24 20:04:00,2025-07-24 20:04:00,https://www.hasznaltauto.hu/szemelyauto/isuzu/d-max/isuzu_d-max_1.9_d_ls_plus_automata_keszletrol-21966898#sid=12f334f6-e929-4a66-955f-34a33bfc1103
21969018,True,2025-07-24 20:04:00,2025-07-24 20:04:00,https://www.hasznaltauto.hu/szemelyauto/peugeot/2008/peugeot_2008_1.2_hybrid_gt_e-dcs6_keszletrol_4_evszakos_gumikkal-21969018#sid=12f334f6-e929-4a66-955f-34a33bfc1103
21979712,True,2025-07-24 20:04:00,2025-07-24 20:04:00,https://www.hasznaltauto.hu/szemelyauto/peugeot/5008/peugeot_5008_1.2_hybrid_allure_e-dct6_7_szemelyes_nyaralasra_keszletrol_igen_thm_akar_4.9-21979712#sid=12f334f6-e929-4a66-955f-34a33bfc1103
21981424,True,2025-07-24 20:04:00,2025-07-24 20:04:00,https://www.hasznaltauto.hu/szemelyauto/kgm/tivoli/kgm_tivoli_1.5_gdi-t_style_keszletrol_2025_julius-21981424#sid=12f334f6-e929-4a66-955f-34a33bfc1103
21989255,True,2025-07-24 20:04:00,2025-07-24 20:04:00,https://www.hasznaltauto.hu/szemelyauto/dacia/duster/dacia_duster_1.0_eco-g_essential_lpg_csak_most_keszletrol-21989255#sid=12f334f6-e929-4a66-955f-34a33bfc1103
21992509,True,2025-07-24 20:04:00,2025-07-24 20:04:00,https://www.hasznaltauto.hu/szemelyauto/nissan/juke/nissan_juke_1.6_hev_tekna_automata_plusz_bose_tesztauto_minimalis_kilometerrel-21992509#sid=12f334f6-e929-4a66-955f-34a33bfc1103
22005976,True,2025-07-24 20:04:00,2025-07-24 20:04:00,https://www.hasznaltauto.hu/szemelyauto/peugeot/3008/peugeot_3008_1.2_hybrid_allure_e-dct6_bemutato_auto_navigacio_csomag_grip_control_csomag-22005976#sid=12f334f6-e929-4a66-955f-34a33bfc1103
22024522,True,2025-07-24 20:04:00,2025-07-24 20:04:00,https://www.hasznaltauto.hu/szemelyauto/renault/symbioz/renault_symbioz_evolution_mild_hybrid_140-22024522#sid=12f334f6-e929-4a66-955f-34a33bfc1103
22043446,True,2025-07-24 20:04:00,2025-07-24 20:04:00,https://www.hasznaltauto.hu/szemelyauto/honda/cr-v/honda_cr-v_2.0_i-mmd_hybrid_advance_awd_cvt-22043446#sid=12f334f6-e929-4a66-955f-34a33bfc1103
22043809,True,2025-07-24 20:04:00,2025-07-24 20:04:00,https://www.hasznaltauto.hu/szemelyauto/honda/civic/honda_civic_2.0_i-mmd_hybrid_advance_ecvt-22043809#sid=12f334f6-e929-4a66-955f-34a33bfc1103
22045704,True,2025-07-24 20:04:00,2025-07-24 20:04:00,https://www.hasznaltauto.hu/szemelyauto/honda/hr-v/honda_hr-v_1.5_i-mmd_hybrid_advance_style_ecvt_2025_model-22045704#sid=12f334f6-e929-4a66-955f-34a33bfc1103
22045834,True,2025-07-24 20:05:00,2025-07-24 20:05:00,https://www.hasznaltauto.hu/szemelyauto/mg/mg3/mg_mg3_3_1.5_gdi_hybrid_plusz_luxury_dct-22045834#sid=12f334f6-e929-4a66-955f-34a33bfc1103
22046194,True,2025-07-24 20:05:00,2025-07-24 20:05:00,https://www.hasznaltauto.hu/szemelyauto/mg/zs/mg_zs_1.5_vti-tech_comfort_classic-22046194#sid=12f334f6-e929-4a66-955f-34a33bfc1103
22086583,True,2025-07-24 20:05:00,2025-07-24 20:05:00,https://www.hasznaltauto.hu/szemelyauto/skoda/kodiaq/skoda_kodiaq_2.0_tdi_scr_style_dsg_mo-i_vezetett_szervizkonyv-22086583#sid=12f334f6-e929-4a66-955f-34a33bfc1103
22097300,True,2025-07-24 20:05:00,2025-07-24 20:05:00,https://www.hasznaltauto.hu/szemelyauto/suzuki/s-cross/suzuki_s-cross_1.4_hybrid_gl_plusz_uj_modell-22097300#sid=12f334f6-e929-4a66-955f-34a33bfc1103
22097349,True,2025-07-24 20:05:00,2025-07-24 20:05:00,https://www.hasznaltauto.hu/szemelyauto/suzuki/vitara/suzuki_vitara_1.4_hybrid_gl_plusz_uj_tipus-22097349#sid=12f334f6-e929-4a66-955f-34a33bfc1103
22098728,True,2025-07-24 20:05:00,2025-07-24 20:05:00,https://www.hasznaltauto.hu/szemelyauto/mitsubishi/outlander/mitsubishi_outlander_2.0_mivec_elegance_automata91000km1tulajszivobenzinszervizkonyvtoresmentesulesfuteskamera-22098728#sid=12f334f6-e929-4a66-955f-34a33bfc1103
22113593,True,2025-07-24 20:05:00,2025-07-24 20:05:00,https://www.hasznaltauto.hu/szemelyauto/ford/ranger/ford_ranger_2.0_tdci_4x4_wild_trak_magyarorszagi_afas_garancialis-22113593#sid=12f334f6-e929-4a66-955f-34a33bfc1103
22122766,True,2025-07-24 20:05:00,2025-07-24 20:05:00,https://www.hasznaltauto.hu/szemelyauto/chery/tiggo_7/chery_tiggo_7_comfort_uj_marka_uj_elmeny_uj_szint_a_chery_maxabonal-22122766#sid=12f334f6-e929-4a66-955f-34a33bfc1103
22033321,True,2025-07-24 20:05:00,2025-07-24 20:05:00,https://www.hasznaltauto.hu/szemelyauto/mercedes-benz/a_180/mercedes-benz_a_180_7g-dct_mild_hybrid_drive_magyarorszagi_vezetett_szkonyv_gyari_isp_garancia_afa-s_21.200_km-22033321#sid=12f334f6-e929-4a66-955f-34a33bfc1103
21830836,True,2025-07-24 20:05:00,2025-07-24 20:05:00,https://www.hasznaltauto.hu/szemelyauto/mercedes-benz/a_180/mercedes-benz_a_180_7g-dct_mild_hybrid_drive_magyarorszagi_gyari_garancia_amg_csomag_isp_csomag_22.105_km_afas-21830836#sid=12f334f6-e929-4a66-955f-34a33bfc1103
22033926,True,2025-07-24 20:05:00,2025-07-24 20:05:00,https://www.hasznaltauto.hu/szemelyauto/mercedes-benz/glc_200/mercedes-benz_glc_200_4matic_9g-tronic_mild_hybrid_drive_magyarorszagi_vezetett_szkonyv_gyari_mb_garancia-22033926#sid=12f334f6-e929-4a66-955f-34a33bfc1103
21436590,True,2025-07-24 20:05:00,2025-07-24 20:05:00,https://www.hasznaltauto.hu/szemelyauto/volvo/ex30/volvo_ex30_single_motor_extended_range_plus_27os_afas_szamlaval_2027.06ig_karbantartasi_csomag-21436590#sid=12f334f6-e929-4a66-955f-34a33bfc1103
20654239,True,2025-07-24 20:05:00,2025-07-24 20:05:00,https://www.hasznaltauto.hu/szemelyauto/bmw/530/bmw_530e_automata_tavolsagtarto_tempomatholtterfigyelogyari_garancia-20654239#sid=12f334f6-e929-4a66-955f-34a33bfc1103
22033981,True,2025-07-24 20:05:00,2025-07-24 20:05:00,https://www.hasznaltauto.hu/szemelyauto/mercedes-benz/eqc/mercedes-benz_eqc_400_4matic_se_22.940_km_mo-i_garancia_2028-ig_isp_csomag_6ev_150.000_kmegyedi_frsz-22033981#sid=12f334f6-e929-4a66-955f-34a33bfc1103
21944567,True,2025-07-24 20:05:00,2025-07-24 20:05:00,https://www.hasznaltauto.hu/szemelyauto/suzuki/ignis/suzuki_ignis_1.3_glx_plus_ac_limitalt-21944567#sid=12f334f6-e929-4a66-955f-34a33bfc1103
21928524,True,2025-07-24 20:05:00,2025-07-24 20:05:00,https://www.hasznaltauto.hu/szemelyauto/opel/zafira/opel_zafira_tourer_1.6_t_cng_selection_7_szemelyes_cng_ulesfutes_kormanyfutes_tempomat-21928524#sid=12f334f6-e929-4a66-955f-34a33bfc1103
22037580,True,2025-07-24 20:05:00,2025-07-24 20:05:00,https://www.hasznaltauto.hu/szemelyauto/opel/astra_j/opel_astra_j_sedan_1.6_cdti_start-stop_enjoy_magyar_128000_km-22037580#sid=12f334f6-e929-4a66-955f-34a33bfc1103
21719182,True,2025-07-24 20:05:00,2025-07-24 20:05:00,https://www.hasznaltauto.hu/szemelyauto/citroen/c-zero/citroen_c-zero_collection_cvt_comfort_line_afas-s_brutto_ar-21719182#sid=12f334f6-e929-4a66-955f-34a33bfc1103
21919833,True,2025-07-24 20:05:00,2025-07-24 20:05:00,https://www.hasznaltauto.hu/szemelyauto/peugeot/508/peugeot_508_2.0_bluehdi_allure_eat6_3_ev_garancia_-_gyari_fenyezes_-_vezetett_szervkonyv_-_leinformalhato-21919833#sid=12f334f6-e929-4a66-955f-34a33bfc1103
22073041,True,2025-07-24 20:05:00,2025-07-24 20:05:00,https://www.hasznaltauto.hu/szemelyauto/renault/laguna/renault_laguna_coupe_2.0_dci_monaco_gp_friss_olajszerviz_-_uj_elso_fekek_-_bor_belso_-_ulesfutes_-_3_ev_garancia-22073041#sid=12f334f6-e929-4a66-955f-34a33bfc1103
22125849,True,2025-07-24 20:05:00,2025-07-24 20:05:00,https://www.hasznaltauto.hu/szemelyauto/renault/scenic/renault_scenic_scenic_1.5_dci_intens_edc_vegig_vezetett_szerviz_-_friss_szerviz_-_ulesfutes_-_3x_isofix_-_3_ev_garancia-22125849#sid=12f334f6-e929-4a66-955f-34a33bfc1103
22105163,True,2025-07-24 20:05:00,2025-07-24 20:05:00,https://www.hasznaltauto.hu/szemelyauto/citroen/c4/citroen_c4_1.2_puretech_feel_edition_fenyezesmentes_-_vezetett_szerviz_-_holtterfigyelo_-_3_ev_garancia-22105163#sid=12f334f6-e929-4a66-955f-34a33bfc1103
22120857,True,2025-07-24 20:05:00,2025-07-24 20:05:00,https://www.hasznaltauto.hu/szemelyauto/dacia/duster/dacia_duster_1.0_tce_comfort_lpg_benzin_-_1_tulajdonostol_-_vegig_vezetett_szerviz_-_vonohorog_-_3_ev_garancia-22120857#sid=12f334f6-e929-4a66-955f-34a33bfc1103
22040773,True,2025-07-24 20:06:00,2025-07-24 20:06:00,https://www.hasznaltauto.hu/szemelyauto/ford/s-max/ford_s-max_2.0_tdci_business_powershift_felujitott_valto_-_magyarorszagi_-_2tulajtol_-_vezetett_szerviz_-_3_ev_garancia-22040773#sid=12f334f6-e929-4a66-955f-34a33bfc1103
21475893,True,2025-07-24 20:06:00,2025-07-24 20:06:00,https://www.hasznaltauto.hu/szemelyauto/kia/sorento/kia_sorento_2.2_crdi_lx_2wd_vegig_vezetett_szerviz_-_fenyezesmentes_-_bor_belso_-_ulesfutes_-_3_ev_garancia-21475893#sid=12f334f6-e929-4a66-955f-34a33bfc1103
21964701,True,2025-07-24 20:06:00,2025-07-24 20:06:00,https://www.hasznaltauto.hu/szemelyauto/mini/cooper/mini_cooper_1.5_magyarorszagi-vezetett_szerviz-ulesfutes-tolatoradar-tempomat-3_ev_garancia-21964701#sid=12f334f6-e929-4a66-955f-34a33bfc1103
21832502,True,2025-07-24 20:06:00,2025-07-24 20:06:00,https://www.hasznaltauto.hu/szemelyauto/renault/grand_scenic/renault_grand_scenic_scenic_1.7_blue_dci_intens_7_szemelyes_3_ev_garancia_-_1_tulajd_-_vezetett_szervkonyv_-_friss_szerviz-21832502#sid=12f334f6-e929-4a66-955f-34a33bfc1103
22020692,True,2025-07-24 20:06:00,2025-07-24 20:06:00,https://www.hasznaltauto.hu/szemelyauto/opel/astra_k/opel_astra_k_sports_tourer_1.2_t_elegance_afas_garanciaval_ulesfutes_navigacio_multikormany_apple_carplay_tolato_kamera-22020692#sid=12f334f6-e929-4a66-955f-34a33bfc1103
22122380,True,2025-07-24 20:06:00,2025-07-24 20:06:00,https://www.hasznaltauto.hu/szemelyauto/volvo/v60/volvo_v60_2.0_d_d3_kinetic_magyarorszagi-fenyezesmentes-vegig_vezetett_szerviz-ulesfutes-3_ev_garancia-22122380#sid=12f334f6-e929-4a66-955f-34a33bfc1103
22125926,True,2025-07-24 20:06:00,2025-07-24 20:06:00,https://www.hasznaltauto.hu/szemelyauto/kia/sportage/kia_sportage_1.7_crdi_lx_exclusive_magyarorszagi_-_vegig_vezetett_szerviz_-_fenyezesmentes_-_3_ev_garancia-22125926#sid=12f334f6-e929-4a66-955f-34a33bfc1103
22031027,True,2025-07-24 20:06:00,2025-07-24 20:06:00,https://www.hasznaltauto.hu/szemelyauto/toyota/auris/toyota_auris_1.33_active_magyarorszagi_-_1_tulajdonostol_-_fenyezesmentes_-_3_ev_garancia-22031027#sid=12f334f6-e929-4a66-955f-34a33bfc1103
21965764,True,2025-07-24 20:06:00,2025-07-24 20:06:00,https://www.hasznaltauto.hu/szemelyauto/ford/kuga/ford_kuga_2.0_tdci_titanium_technology_powershift_4wd_-_teljesen_felujitott_valto_-_fenyezesmentes_-_bor_belso_-_3_ev_grancia-21965764#sid=12f334f6-e929-4a66-955f-34a33bfc1103
21622703,True,2025-07-24 20:06:00,2025-07-24 20:06:00,https://www.hasznaltauto.hu/szemelyauto/hyundai/i30/hyundai_i30_1.6_crdi_mp_premium_dct_twistdct_automata_mica_platinum_silver_afa-s_brutto_ar-21622703#sid=12f334f6-e929-4a66-955f-34a33bfc1103
21944724,True,2025-07-24 20:06:00,2025-07-24 20:06:00,https://www.hasznaltauto.hu/szemelyauto/skoda/octavia/skoda_octavia_combi_1.6_cr_tdi_style_applecarplay_tempomat_ulesfutes_parkradar_led_lampa-21944724#sid=12f334f6-e929-4a66-955f-34a33bfc1103
21944588,True,2025-07-24 20:06:00,2025-07-24 20:06:00,https://www.hasznaltauto.hu/szemelyauto/pontiac/solstice/pontiac_solstice_garanciaval_264le_cabrio_automata_18asfelnik-21944588#sid=12f334f6-e929-4a66-955f-34a33bfc1103
22134013,True,2025-07-24 20:06:00,2025-07-24 20:06:00,https://www.hasznaltauto.hu/szemelyauto/suzuki/vitara/suzuki_vitara_1.6_gl_plusz_magyarorszagi_-_2_tulajtol_-_vezetett_szerviz_-_tolatokamera_-_3_ev_garancia-22134013#sid=12f334f6-e929-4a66-955f-34a33bfc1103
22106764,True,2025-07-24 20:06:00,2025-07-24 20:06:00,https://www.hasznaltauto.hu/szemelyauto/honda/civic/honda_civic_1.0_t_elegance_navi_magyarorszagi-1_tulajdonostol-fenyezesmentes-vezetett_szerviz-3_ev_garancia-22106764#sid=12f334f6-e929-4a66-955f-34a33bfc1103
22092485,True,2025-07-24 20:06:00,2025-07-24 20:06:00,https://www.hasznaltauto.hu/szemelyauto/volkswagen/scirocco/volkswagen_scirocco_alufelni_ulesfutes_navigacio_remus_kipufogo-22092485#sid=12f334f6-e929-4a66-955f-34a33bfc1103
21987390,True,2025-07-24 20:06:00,2025-07-24 20:06:00,https://www.hasznaltauto.hu/szemelyauto/ford/focus/ford_focus_2.0_ecoboost_st2_friss_szerviz_-_250_le_-_amerikai_modell_-_tolatokamera_-_3_ev_garancia-21987390#sid=12f334f6-e929-4a66-955f-34a33bfc1103
22016447,True,2025-07-24 20:06:00,2025-07-24 20:06:00,https://www.hasznaltauto.hu/szemelyauto/honda/jazz/honda_jazz_1.5_dynamic_magyarorszagi-fenyezesmentes-vegig_vezetett_szerviz-ulesfutes-3_ev_garancia-22016447#sid=12f334f6-e929-4a66-955f-34a33bfc1103
22040683,True,2025-07-24 20:06:00,2025-07-24 20:06:00,https://www.hasznaltauto.hu/szemelyauto/honda/cr-v/honda_cr-v_2.2_elegance_winter-packet_4wd_at_-_2_tulajdonostol_-_ulesfutes_-_3_ev_garancia-22040683#sid=12f334f6-e929-4a66-955f-34a33bfc1103
21836733,True,2025-07-24 20:06:00,2025-07-24 20:06:00,https://www.hasznaltauto.hu/szemelyauto/renault/zoe/renault_zoe_e-tech_electric_110_52_kwh_zen_3_ev_garancia_-_ules_plusz_kormany_futes_-_1_tulajd_-_vezszervkonyv-21836733#sid=12f334f6-e929-4a66-955f-34a33bfc1103
22133584,True,2025-07-24 20:07:00,2025-07-24 20:07:00,https://www.hasznaltauto.hu/szemelyauto/renault/zoe/renault_zoe_ze_r110_52_kwh_life_automata_3_ev_garancia_-_1_tulajd_-_gyari_fenyezes_-_friss_szerviz-22133584#sid=12f334f6-e929-4a66-955f-34a33bfc1103
21901494,True,2025-07-24 20:07:00,2025-07-24 20:07:00,https://www.hasznaltauto.hu/szemelyauto/bmw/418/bmw_418d_advantage_vegig_vezetett_szerviz_-_uj_vezerles_-_fenyezesmentes_-_bor_belso_-3_ev_garancia-21901494#sid=12f334f6-e929-4a66-955f-34a33bfc1103
21944464,True,2025-07-24 20:07:00,2025-07-24 20:07:00,https://www.hasznaltauto.hu/szemelyauto/lexus/is/lexus_is_300h_comfort_leathernavigation_automata_hibrid_felbor_belso_automata-21944464#sid=12f334f6-e929-4a66-955f-34a33bfc1103
22124849,True,2025-07-24 20:07:00,2025-07-24 20:07:00,https://www.hasznaltauto.hu/szemelyauto/kia/ceed/kia_ceed_ceed_sw_1.0_t-gdi_gold_magyarorszagi_-_1_tulajdonostol_-_vegig_vezetett_szerviz_-_gyartoi_garancia-22124849#sid=12f334f6-e929-4a66-955f-34a33bfc1103
22068601,True,2025-07-24 20:07:00,2025-07-24 20:07:00,https://www.hasznaltauto.hu/szemelyauto/mercedes-benz/slk_280/mercedes-benz_slk_280_automata_79ekm_automata_bor_ulesfutes-22068601#sid=12f334f6-e929-4a66-955f-34a33bfc1103
22012041,True,2025-07-24 20:07:00,2025-07-24 20:07:00,https://www.hasznaltauto.hu/szemelyauto/bmw/328_gran_turismo/bmw_328_gran_turismo_x-drive_-_magyarorszagi_-_vezetett_szerviz_-_panoramateto_-_3_ev_garancia-22012041#sid=12f334f6-e929-4a66-955f-34a33bfc1103
21623276,True,2025-07-24 20:07:00,2025-07-24 20:07:00,https://www.hasznaltauto.hu/szemelyauto/opel/corsa/opel_corsa_corsa-e_elegance_automata_bi-color_feher_tetovel_afa-s_brutto_ar-21623276#sid=12f334f6-e929-4a66-955f-34a33bfc1103
22020070,True,2025-07-24 20:07:00,2025-07-24 20:07:00,https://www.hasznaltauto.hu/szemelyauto/bmw/318/bmw_318i_coupe_gyonyoru_allapotban-22020070#sid=12f334f6-e929-4a66-955f-34a33bfc1103
22097130,True,2025-07-24 20:07:00,2025-07-24 20:07:00,https://www.hasznaltauto.hu/szemelyauto/jeep/compass/jeep_compass_1.4_multiair_2_limited_3_ev_garancia_-_vezetett_szervizmult_-_gyari_fenyezes_-_leinformalhato-22097130#sid=12f334f6-e929-4a66-955f-34a33bfc1103
22041259,True,2025-07-24 20:07:00,2025-07-24 20:07:00,https://www.hasznaltauto.hu/szemelyauto/jaguar/xe/jaguar_xe_2.0_l4p_pure_automata_magyarorszagi_-_1_tulajdonostol_-_vegig_vezetett_szerviz_-_3_ev_garancia-22041259#sid=12f334f6-e929-4a66-955f-34a33bfc1103
22036983,True,2025-07-24 20:07:00,2025-07-24 20:07:00,https://www.hasznaltauto.hu/szemelyauto/mini/countryman/mini_countryman_1.5_cooper_s_e_all4_automata_2_tulajdonostol_-_fenyezesmentes_-_vegig_vezetett_szerviz_-_3_ev_garancia-22036983#sid=12f334f6-e929-4a66-955f-34a33bfc1103
21834756,True,2025-07-24 20:07:00,2025-07-24 20:07:00,https://www.hasznaltauto.hu/szemelyauto/bmw/535/bmw_535i_automata_vajbor_belso-napfenyteto-ulesfutes-szelloztetes-memorias_ulesek-3_ev_garancia-21834756#sid=12f334f6-e929-4a66-955f-34a33bfc1103
22037666,True,2025-07-24 20:07:00,2025-07-24 20:07:00,https://www.hasznaltauto.hu/szemelyauto/skoda/octavia/skoda_octavia_2.0_cr_tdi_scr_rs_4x4_dsg7_4x4_automata_navi_ulesfutes-22037666#sid=12f334f6-e929-4a66-955f-34a33bfc1103
22105816,True,2025-07-24 20:07:00,2025-07-24 20:07:00,https://www.hasznaltauto.hu/szemelyauto/opel/crossland/opel_crossland_1.2_t_elegance_automata_nagy_valasztekban-22105816#sid=12f334f6-e929-4a66-955f-34a33bfc1103
22105788,True,2025-07-24 20:07:00,2025-07-24 20:07:00,https://www.hasznaltauto.hu/szemelyauto/opel/crossland/opel_crossland_1.2_t_elegance_automata_nagy_valasztekban-22105788#sid=12f334f6-e929-4a66-955f-34a33bfc1103
22092504,True,2025-07-24 20:07:00,2025-07-24 20:07:00,https://www.hasznaltauto.hu/szemelyauto/porsche/cayenne/porsche_cayenne_dizel_automata_vegig_vezetett_szervizkonyv-22092504#sid=12f334f6-e929-4a66-955f-34a33bfc1103
22081920,True,2025-07-24 20:07:00,2025-07-24 20:07:00,https://www.hasznaltauto.hu/szemelyauto/volvo/v40/volvo_v40_2.0_t3_inscription_magyarorszagi_elso_tulajdonosatol_afa-s_brutto_vetelar-22081920#sid=12f334f6-e929-4a66-955f-34a33bfc1103
22129827,True,2025-07-24 20:07:00,2025-07-24 20:07:00,https://www.hasznaltauto.hu/szemelyauto/kia/optima/kia_optima_sw_2.0_phev_automata_magyarorszagi_-_1tulajtol_-_vezetett_szerviz_-_fenyezesmentes_-_gyari_garancia-22129827#sid=12f334f6-e929-4a66-955f-34a33bfc1103
21979130,True,2025-07-24 20:08:00,2025-07-24 20:08:00,https://www.hasznaltauto.hu/szemelyauto/jaguar/f-pace/jaguar_f-pace_2.0_i4d_portfolio_magyarorszagi_-_2_tulajdonostol_-_fenyezesmentes_-_3_ev_garancia-21979130#sid=12f334f6-e929-4a66-955f-34a33bfc1103
19321385,True,2025-07-24 20:08:00,2025-07-24 20:08:00,https://www.hasznaltauto.hu/szemelyauto/kia/ceed/kia_ceed_ceed_1.5_t-gdi_gold_tobb_szinben_afas_elso_tul-19321385#sid=12f334f6-e929-4a66-955f-34a33bfc1103
22112503,True,2025-07-24 20:08:00,2025-07-24 20:08:00,https://www.hasznaltauto.hu/szemelyauto/opel/astra_l/opel_astra_l_1.2_t_elegance_automata_magyarorszagi_gyari_garancias_bemutato_auto_volt-22112503#sid=12f334f6-e929-4a66-955f-34a33bfc1103
21592917,True,2025-07-24 20:08:00,2025-07-24 20:08:00,https://www.hasznaltauto.hu/szemelyauto/fiat/500/fiat_500e_42kwh_automata_3_ev_garancia_-_leinformalhato-21592917#sid=12f334f6-e929-4a66-955f-34a33bfc1103
21915677,True,2025-07-24 20:08:00,2025-07-24 20:08:00,https://www.hasznaltauto.hu/szemelyauto/volvo/s90/volvo_s90_2.0_d_d4_momentum_geartronic_megkimelt_szep_allapotban-21915677#sid=12f334f6-e929-4a66-955f-34a33bfc1103
21933002,True,2025-07-24 20:08:00,2025-07-24 20:08:00,https://www.hasznaltauto.hu/szemelyauto/opel/corsa_f/opel_corsa_f_1.2_t_edition_komfort_technologia_csomaggal_wallis_demo_auto-21933002#sid=12f334f6-e929-4a66-955f-34a33bfc1103
22133060,True,2025-07-24 20:08:00,2025-07-24 20:08:00,https://www.hasznaltauto.hu/szemelyauto/renault/captur/renault_captur_1.6_e-tech_hybrid_intens_magyarorszagi-1tulajtol-vegig_vezetett_szerviz-fenyezesmentes-gyartoi_garancia-22133060#sid=12f334f6-e929-4a66-955f-34a33bfc1103
22058406,True,2025-07-24 20:08:00,2025-07-24 20:08:00,https://www.hasznaltauto.hu/szemelyauto/mazda/cx-30/mazda_cx-30_2.0_skyactive_2_tulajdonostol_-_vezetett_szerviz_-_tavolsagtarto_tempomat_-_3_ev_garancia-22058406#sid=12f334f6-e929-4a66-955f-34a33bfc1103
22112600,True,2025-07-24 20:08:00,2025-07-24 20:08:00,https://www.hasznaltauto.hu/szemelyauto/opel/astra_l/opel_astra_l_sports_tourer_1.2_t_business_edition_magyarorszagi_2029-ig_gyari_garancias-22112600#sid=12f334f6-e929-4a66-955f-34a33bfc1103
21762090,True,2025-07-24 20:08:00,2025-07-24 20:08:00,https://www.hasznaltauto.hu/szemelyauto/opel/mokka/opel_mokka_1.2_t_edition-21762090#sid=12f334f6-e929-4a66-955f-34a33bfc1103
21760317,True,2025-07-24 20:08:00,2025-07-24 20:08:00,https://www.hasznaltauto.hu/szemelyauto/opel/mokka/opel_mokka_1.2_t_edition-21760317#sid=12f334f6-e929-4a66-955f-34a33bfc1103
21758044,True,2025-07-24 20:08:00,2025-07-24 20:08:00,https://www.hasznaltauto.hu/szemelyauto/opel/mokka/opel_mokka_1.2_t_edition-21758044#sid=12f334f6-e929-4a66-955f-34a33bfc1103
22085461,True,2025-07-24 20:08:00,2025-07-24 20:08:00,https://www.hasznaltauto.hu/szemelyauto/opel/grandland/opel_grandland_1.2_t_business_edition_opel_garanciaval_elso_tulajdonostol-22085461#sid=12f334f6-e929-4a66-955f-34a33bfc1103
22123901,True,2025-07-24 20:08:00,2025-07-24 20:08:00,https://www.hasznaltauto.hu/szemelyauto/bmw/x2/bmw_x2_sdrive18i_m_sport-22123901#sid=12f334f6-e929-4a66-955f-34a33bfc1103
22101291,True,2025-07-24 20:08:00,2025-07-24 20:08:00,https://www.hasznaltauto.hu/szemelyauto/toyota/rav_4/toyota_rav_4_rav4_2.5_hybrid_active_e-cvt_3_ev_garancia_-_1_tulajd_-_vezetett_szervkonyv_-_karambol_mentes_-_leinforma-22101291#sid=12f334f6-e929-4a66-955f-34a33bfc1103
22006539,True,2025-07-24 20:08:00,2025-07-24 20:08:00,https://www.hasznaltauto.hu/szemelyauto/mercedes-benz/slk_200/mercedes-benz_slk_200_automata_navigaco_ules_es_nyak_futes_tempomat-22006539#sid=12f334f6-e929-4a66-955f-34a33bfc1103
21478410,True,2025-07-24 20:08:00,2025-07-24 20:08:00,https://www.hasznaltauto.hu/szemelyauto/skoda/scala/skoda_scala_1.0_tsi_ambition_afa-s_brutto_ar-21478410#sid=12f334f6-e929-4a66-955f-34a33bfc1103
22125240,True,2025-07-24 20:08:00,2025-07-24 20:08:00,https://www.hasznaltauto.hu/szemelyauto/mercedes-benz/e_220/mercedes-benz_e_220_d_9g-tronic_magyaro_-_vegig_markasz_vez_szk_-_akar_plusz_1_ev_garancia-22125240#sid=12f334f6-e929-4a66-955f-34a33bfc1103
22052260,True,2025-07-24 20:08:00,2025-07-24 20:08:00,https://www.hasznaltauto.hu/szemelyauto/hyundai/kona/hyundai_kona_ev_64kwh_premium_2026.11-ig_hyundai_garancia_-_vezetett_szervmult_-_garantalt_km-22052260#sid=12f334f6-e929-4a66-955f-34a33bfc1103
21978900,True,2025-07-24 20:08:00,2025-07-24 20:08:00,https://www.hasznaltauto.hu/szemelyauto/bmw/220/bmw_220d_m_sport_magyar-1tulaj-22.000km-2ev_garancia-navigacio-adaptive_led-21978900#sid=12f334f6-e929-4a66-955f-34a33bfc1103
21891677,True,2025-07-24 20:08:00,2025-07-24 20:08:00,https://www.hasznaltauto.hu/szemelyauto/opel/grandland/opel_grandland_1.2_t_business_edition_automata_tesztauto_kisopres_az_opel_gyulainal-21891677#sid=12f334f6-e929-4a66-955f-34a33bfc1103
22004487,True,2025-07-24 20:08:00,2025-07-24 20:08:00,https://www.hasznaltauto.hu/szemelyauto/bmw/520/bmw_520i_automata_magyarorszagi-2_tulajtol-fenyezesmentes-vezetett_szerviz-3_ev_garancia-22004487#sid=12f334f6-e929-4a66-955f-34a33bfc1103
21979668,True,2025-07-24 20:08:00,2025-07-24 20:08:00,https://www.hasznaltauto.hu/szemelyauto/kia/sorento/kia_sorento_2.2_crdi_gt-line_4wd_automata_7_szemely_magyaro_-_vegig_markasz_vez_szk_-_7_szem_-_akar_plusz_1_ev_garancia-21979668#sid=12f334f6-e929-4a66-955f-34a33bfc1103
21242392,True,2025-07-24 20:09:00,2025-07-24 20:09:00,https://www.hasznaltauto.hu/szemelyauto/volvo/v60/volvo_v60_2.0_b3_mhev_momentum_pro_geartronic_volvo_selekt_afa-s_brutto_vetelar-21242392#sid=12f334f6-e929-4a66-955f-34a33bfc1103
21412246,True,2025-07-24 20:09:00,2025-07-24 20:09:00,https://www.hasznaltauto.hu/szemelyauto/opel/mokka/opel_mokka_1.2_t_gs_opel_mokka_gs_bemutatoato_az_opel_wallistol_ajandek_teligumi_szettel-21412246#sid=12f334f6-e929-4a66-955f-34a33bfc1103
22123048,True,2025-07-24 20:09:00,2025-07-24 20:09:00,https://www.hasznaltauto.hu/szemelyauto/opel/astra_l/opel_astra_l_sports_tourer_1.5_cdti_edition_automata_magyarorszagi_gyari_garanciaval_2029-ig-22123048#sid=12f334f6-e929-4a66-955f-34a33bfc1103
21212925,True,2025-07-24 20:09:00,2025-07-24 20:09:00,https://www.hasznaltauto.hu/szemelyauto/bmw/530/bmw_530i_xdrive_automata_sport_line_-_3_ev_garancia_-_friss_szerviz_-_full_extra-21212925#sid=12f334f6-e929-4a66-955f-34a33bfc1103
22122440,True,2025-07-24 20:09:00,2025-07-24 20:09:00,https://www.hasznaltauto.hu/szemelyauto/opel/corsa_f/opel_corsa_f_corsa-e_gs_54kwh_automata_magyarorszagi_gyari_garancias_magas_felszereltseg-22122440#sid=12f334f6-e929-4a66-955f-34a33bfc1103
22020061,True,2025-07-24 20:09:00,2025-07-24 20:09:00,https://www.hasznaltauto.hu/szemelyauto/bmw/2000/bmw_2000_cs_coupe-22020061#sid=12f334f6-e929-4a66-955f-34a33bfc1103
21969322,True,2025-07-24 20:09:00,2025-07-24 20:09:00,https://www.hasznaltauto.hu/szemelyauto/mercedes-benz/c_180/mercedes-benz_c_180_t_9g-tronic_mo-i_garancia_vezetett_szerviz-21969322#sid=12f334f6-e929-4a66-955f-34a33bfc1103
22113375,True,2025-07-24 20:09:00,2025-07-24 20:09:00,https://www.hasznaltauto.hu/szemelyauto/opel/astra_l/opel_astra_l_sports_tourer_1.5_cdti_gs_automata_magyarorszagi_gyari_garancias_2029-ig-22113375#sid=12f334f6-e929-4a66-955f-34a33bfc1103
22092497,True,2025-07-24 20:09:00,2025-07-24 20:09:00,https://www.hasznaltauto.hu/szemelyauto/mercedes-amg/a_45/mercedes-amg_a_45_4matic_7g-dct_navi_kamera_ulesfutes_piros_ovek-22092497#sid=12f334f6-e929-4a66-955f-34a33bfc1103
22092492,True,2025-07-24 20:09:00,2025-07-24 20:09:00,https://www.hasznaltauto.hu/szemelyauto/mercedes-benz/a_45_amg/mercedes-benz_a_45_amg_navi_kamera_ulesfutes_piros_ovek-22092492#sid=12f334f6-e929-4a66-955f-34a33bfc1103
21958759,True,2025-07-24 20:09:00,2025-07-24 20:09:00,https://www.hasznaltauto.hu/szemelyauto/opel/frontera/opel_frontera_1.2_t_mhev_gs_automata_gap_karpittal_gs_technologia_csomaggal_opel_wallis_demo_auto-21958759#sid=12f334f6-e929-4a66-955f-34a33bfc1103
22084709,True,2025-07-24 20:09:00,2025-07-24 20:09:00,https://www.hasznaltauto.hu/szemelyauto/audi/a8/audi_a8_3.0_v6_tdi_quattro_tiptronic_ic_vezetett_szerviz-design_selection_extra_-napfenyteto-bose-muszaki_garancia-22084709#sid=12f334f6-e929-4a66-955f-34a33bfc1103
22010035,True,2025-07-24 20:09:00,2025-07-24 20:09:00,https://www.hasznaltauto.hu/szemelyauto/volvo/xc40/volvo_xc40_1.5_t3_momentum_geartronic_volvo_selekt_afa-s_brutto_vetelar-22010035#sid=12f334f6-e929-4a66-955f-34a33bfc1103
21934292,True,2025-07-24 20:09:00,2025-07-24 20:09:00,https://www.hasznaltauto.hu/szemelyauto/kia/soul/kia_soul_ev_64kwh_platinum_magyaro_-_akar_plusz_1_ev_garancia-21934292#sid=12f334f6-e929-4a66-955f-34a33bfc1103
21891653,True,2025-07-24 20:09:00,2025-07-24 20:09:00,https://www.hasznaltauto.hu/szemelyauto/opel/grandland/opel_grandland_1.2_t_business_edition_automata_tesztauto_kisopres_az_opel_gyulainal-21891653#sid=12f334f6-e929-4a66-955f-34a33bfc1103
21913248,True,2025-07-24 20:09:00,2025-07-24 20:09:00,https://www.hasznaltauto.hu/szemelyauto/volvo/xc90/volvo_xc90_2.0_d5_inscription_geartronic_uj_vezerles_-_vonohorog_-_adaptiv_tempomat_-_savtarto_-_ulesfutes_-3_ev_garancia-21913248#sid=12f334f6-e929-4a66-955f-34a33bfc1103
22113773,True,2025-07-24 20:09:00,2025-07-24 20:09:00,https://www.hasznaltauto.hu/szemelyauto/opel/astra_l/opel_astra_l_sports_tourer_1.2_t_gs_automata_magyarorszagi_gyari_garancias-22113773#sid=12f334f6-e929-4a66-955f-34a33bfc1103
22098363,True,2025-07-24 20:09:00,2025-07-24 20:09:00,https://www.hasznaltauto.hu/szemelyauto/mini/cooper/mini_cooper_2.0s_dkg_mo-i_afas_kituno_allapotban-22098363#sid=12f334f6-e929-4a66-955f-34a33bfc1103
22081994,True,2025-07-24 20:09:00,2025-07-24 20:09:00,https://www.hasznaltauto.hu/szemelyauto/volvo/xc40/volvo_xc40_1.5_t2_momentum_geartronic_volvo_selekt_afa-s_brutto_vetelar-22081994#sid=12f334f6-e929-4a66-955f-34a33bfc1103
21969635,True,2025-07-24 20:10:00,2025-07-24 20:10:00,https://www.hasznaltauto.hu/szemelyauto/mercedes-benz/cla_180/mercedes-benz_cla_180_amg_line_7g-dct_magyaro_-_vegig_markasz_vez_szk_-_akar_plusz_1_ev_garancia-21969635#sid=12f334f6-e929-4a66-955f-34a33bfc1103
21932868,True,2025-07-24 20:10:00,2025-07-24 20:10:00,https://www.hasznaltauto.hu/szemelyauto/mini/mini/mini_mini_2.0_cooper_s_dkg_32.500_km_kituno_allapotban_garancialis_afa-s-21932868#sid=12f334f6-e929-4a66-955f-34a33bfc1103
22133022,True,2025-07-24 20:10:00,2025-07-24 20:10:00,https://www.hasznaltauto.hu/szemelyauto/opel/astra_l/opel_astra_l_sports_tourer_1.2_t_gs_automata_magyarorszagi_gyari_garanciaval-22133022#sid=12f334f6-e929-4a66-955f-34a33bfc1103
21931435,True,2025-07-24 20:10:00,2025-07-24 20:10:00,https://www.hasznaltauto.hu/szemelyauto/opel/astra/opel_astra_sports_tourer_1.2_t_gs-21931435#sid=12f334f6-e929-4a66-955f-34a33bfc1103
21903123,True,2025-07-24 20:10:00,2025-07-24 20:10:00,https://www.hasznaltauto.hu/szemelyauto/volvo/xc60/volvo_xc60_2.0_b4_mhev_r-design_geartronic_3_ev_garancia_-_magyarorszagi_-_vezetett_szervizkonyv_-_gyari_fenyezes-21903123#sid=12f334f6-e929-4a66-955f-34a33bfc1103
21962433,True,2025-07-24 20:10:00,2025-07-24 20:10:00,https://www.hasznaltauto.hu/szemelyauto/mercedes-benz/a_250/mercedes-benz_a_250_e_amg_line_8g-dct_plug-in_hybrid_magyarorszagi_vezetett_szervizkonyvvel_akar_gyari_garncia_hosszabbitassal-21962433#sid=12f334f6-e929-4a66-955f-34a33bfc1103
21319238,True,2025-07-24 20:10:00,2025-07-24 20:10:00,https://www.hasznaltauto.hu/szemelyauto/opel/insignia/opel_insignia_grand_sport_2.0_t_awd_gsi_automata_vezetett_szerviz_konyv_1_tulajtol-21319238#sid=12f334f6-e929-4a66-955f-34a33bfc1103
22005283,True,2025-07-24 20:10:00,2025-07-24 20:10:00,https://www.hasznaltauto.hu/szemelyauto/mercedes-benz/a_180/mercedes-benz_a_180_progressive_7g-dct_moi_isp_afa-s-22005283#sid=12f334f6-e929-4a66-955f-34a33bfc1103
21867519,True,2025-07-24 20:10:00,2025-07-24 20:10:00,https://www.hasznaltauto.hu/szemelyauto/volvo/xc60/volvo_xc60_2.0_d4_momentum_geartronic_magyarorszagi_gondozott_szep_allapotban-21867519#sid=12f334f6-e929-4a66-955f-34a33bfc1103
20521354,True,2025-07-24 20:10:00,2025-07-24 20:10:00,https://www.hasznaltauto.hu/szemelyauto/bmw/x3/bmw_x3_xdrive30i_advantage_automata_2_ev_ps_garancia_magyar_vezetett_szerviz-20521354#sid=12f334f6-e929-4a66-955f-34a33bfc1103
21879841,True,2025-07-24 20:10:00,2025-07-24 20:10:00,https://www.hasznaltauto.hu/szemelyauto/mercedes-benz/a_180/mercedes-benz_a_180_7g-dct_mild_hybrid_drive_afa-s_-_bemutato_auto_-_magyaro_-_4_ev_isp_garancia-21879841#sid=12f334f6-e929-4a66-955f-34a33bfc1103
21879668,True,2025-07-24 20:10:00,2025-07-24 20:10:00,https://www.hasznaltauto.hu/szemelyauto/mercedes-benz/b_180/mercedes-benz_b_180_progressive_7g-dct_magyaro_-_4_ev_isp_garancia-21879668#sid=12f334f6-e929-4a66-955f-34a33bfc1103
21773483,True,2025-07-24 20:10:00,2025-07-24 20:10:00,https://www.hasznaltauto.hu/szemelyauto/mercedes-benz/a_180/mercedes-benz_a_180_7g-dct_limuzin_mild_hybrid_drive_afa-s_-_bemutato_auto_-_magyaro_-_4_ev_isp_garancia-21773483#sid=12f334f6-e929-4a66-955f-34a33bfc1103
22044555,True,2025-07-24 20:10:00,2025-07-24 20:10:00,https://www.hasznaltauto.hu/szemelyauto/bmw/218/bmw_218i_automata_mo-i_37.000_km_garancialis-22044555#sid=12f334f6-e929-4a66-955f-34a33bfc1103
22105160,True,2025-07-24 20:10:00,2025-07-24 20:10:00,https://www.hasznaltauto.hu/szemelyauto/bmw/640/bmw_640i_xdrive_automata_2_tulajdonostol-fenyezesmentes-vezetett_szerviz-friss_szerviz-3_ev_garancia-22105160#sid=12f334f6-e929-4a66-955f-34a33bfc1103
22124995,True,2025-07-24 20:10:00,2025-07-24 20:10:00,https://www.hasznaltauto.hu/szemelyauto/mercedes-benz/a_180/mercedes-benz_a_180_progressive_7g-dct_moi_afa-s_isp-22124995#sid=12f334f6-e929-4a66-955f-34a33bfc1103
22017511,True,2025-07-24 20:10:00,2025-07-24 20:10:00,https://www.hasznaltauto.hu/szemelyauto/mercedes-benz/c_300/mercedes-benz_c_300_e_4matic_eq_power_9g-tronic_magyarorszagi_1_tulajdonos_keveset_futott_garancias-22017511#sid=12f334f6-e929-4a66-955f-34a33bfc1103
22007385,True,2025-07-24 20:10:00,2025-07-24 20:10:00,https://www.hasznaltauto.hu/szemelyauto/bmw/330/bmw_330e_sport_automata_2-ev_premium_selection_garancia_teli_gumi_ajandek-22007385#sid=12f334f6-e929-4a66-955f-34a33bfc1103
21958650,True,2025-07-24 20:10:00,2025-07-24 20:10:00,https://www.hasznaltauto.hu/szemelyauto/mercedes-benz/a_180/mercedes-benz_a_180_7g-dct_mild_hybrid_drive_o-i_afa-s_garancia_isp_1_tulajdonos-21958650#sid=12f334f6-e929-4a66-955f-34a33bfc1103
21958483,True,2025-07-24 20:11:00,2025-07-24 20:11:00,https://www.hasznaltauto.hu/szemelyauto/mercedes-benz/cla_180/mercedes-benz_cla_180_d_progressive_8g-dct_shooting_brake_mo-i_garancia_isp_1_ttulajdonos-21958483#sid=12f334f6-e929-4a66-955f-34a33bfc1103
21534998,True,2025-07-24 20:11:00,2025-07-24 20:11:00,https://www.hasznaltauto.hu/szemelyauto/bmw/118/bmw_118i_m_sport_dkg_afas_ajandek_teli_kerekmagyar_markakereskedesbol-21534998#sid=12f334f6-e929-4a66-955f-34a33bfc1103
21381383,True,2025-07-24 20:11:00,2025-07-24 20:11:00,https://www.hasznaltauto.hu/szemelyauto/volvo/xc40/volvo_xc40_1.5_t3_momentum_pro_geartronic_volvo_selekt_afa-s_brutto_vetelar-21381383#sid=12f334f6-e929-4a66-955f-34a33bfc1103
21956305,True,2025-07-24 20:11:00,2025-07-24 20:11:00,https://www.hasznaltauto.hu/szemelyauto/mercedes-benz/glc_200/mercedes-benz_glc_200_d_4matic_9g-tronic_magyarorszagi_1_tulajdonostol_2_ev_garanciaval-21956305#sid=12f334f6-e929-4a66-955f-34a33bfc1103
21928536,True,2025-07-24 20:11:00,2025-07-24 20:11:00,https://www.hasznaltauto.hu/szemelyauto/land_rover/range_rover/land_rover_range_rover_range4.4_sdv8_vogue_lwb_automata_e6_tv_softclose_pamorama_meridian_360_22col_v8-21928536#sid=12f334f6-e929-4a66-955f-34a33bfc1103
22013815,True,2025-07-24 20:11:00,2025-07-24 20:11:00,https://www.hasznaltauto.hu/szemelyauto/volvo/xc40/volvo_xc40_1.5_t5_recharge_r-design_geartronic-22013815#sid=12f334f6-e929-4a66-955f-34a33bfc1103
21780656,True,2025-07-24 20:11:00,2025-07-24 20:11:00,https://www.hasznaltauto.hu/szemelyauto/mercedes-benz/a_180/mercedes-benz_a_180_7g-dct_mild_hybrid_drive_progressive_line_magyarorszagi_gyari_garancia_2750km-21780656#sid=12f334f6-e929-4a66-955f-34a33bfc1103
22012049,True,2025-07-24 20:11:00,2025-07-24 20:11:00,https://www.hasznaltauto.hu/szemelyauto/mercedes-benz/a_180/mercedes-benz_a_180_7g-dct_mild_hybrid_drive_moi_afa-s_isp-22012049#sid=12f334f6-e929-4a66-955f-34a33bfc1103
21889327,True,2025-07-24 20:11:00,2025-07-24 20:11:00,https://www.hasznaltauto.hu/szemelyauto/bmw/218/bmw_218i_m_sport_dkg_magyar_afa-s-21889327#sid=12f334f6-e929-4a66-955f-34a33bfc1103
21376499,True,2025-07-24 20:11:00,2025-07-24 20:11:00,https://www.hasznaltauto.hu/szemelyauto/mercedes-benz/cla_200/mercedes-benz_cla_200_progressive_7g-dct_netto_ar_9_834_646ft_akar_10_onerovel_berelheto-21376499#sid=12f334f6-e929-4a66-955f-34a33bfc1103
21063808,True,2025-07-24 20:11:00,2025-07-24 20:11:00,https://www.hasznaltauto.hu/szemelyauto/bmw/x2/bmw_x2_sdrive18i_advantage_dkg_afas_ajandek_teli_kerekmagyar_markakereskedesbol-21063808#sid=12f334f6-e929-4a66-955f-34a33bfc1103
21944557,True,2025-07-24 20:11:00,2025-07-24 20:11:00,https://www.hasznaltauto.hu/szemelyauto/honda/s_2000/honda_s_2000_2_kulcs_matt_folia_77e_km-21944557#sid=12f334f6-e929-4a66-955f-34a33bfc1103
21771060,True,2025-07-24 20:11:00,2025-07-24 20:11:00,https://www.hasznaltauto.hu/szemelyauto/mercedes-benz/a_200/mercedes-benz_a_200_7g-dct_mild_hybrid_drive_magyarorszagi_serulesmentes_4_ev_120.000_km_isp-21771060#sid=12f334f6-e929-4a66-955f-34a33bfc1103
22110659,True,2025-07-24 20:11:00,2025-07-24 20:11:00,https://www.hasznaltauto.hu/szemelyauto/bmw/218/bmw_218i_m_sport_magyar_afa-s_7000km-22110659#sid=12f334f6-e929-4a66-955f-34a33bfc1103
22018629,True,2025-07-24 20:11:00,2025-07-24 20:11:00,https://www.hasznaltauto.hu/szemelyauto/mercedes-benz/cla_200/mercedes-benz_cla_200_d_4matic_style_8g-dct_shooting_brake_mo-i_garancia-22018629#sid=12f334f6-e929-4a66-955f-34a33bfc1103
21965245,True,2025-07-24 20:11:00,2025-07-24 20:11:00,https://www.hasznaltauto.hu/szemelyauto/mercedes-benz/glb_200/mercedes-benz_glb_200_d_progressive_8g-dct_moi_vezetett_szervizkonyv_frissen_szervizelt_1_ev_garanciaval-21965245#sid=12f334f6-e929-4a66-955f-34a33bfc1103
22097363,True,2025-07-24 20:11:00,2025-07-24 20:11:00,https://www.hasznaltauto.hu/szemelyauto/mercedes-benz/gla_250/mercedes-benz_gla_250_e_progressive_line_8g-dct_plug-in_hybrid_magyaro_-_vegig_markasz_vez_szk_-_akar_plusz_1_ev_garancia-22097363#sid=12f334f6-e929-4a66-955f-34a33bfc1103
22012244,True,2025-07-24 20:11:00,2025-07-24 20:11:00,https://www.hasznaltauto.hu/szemelyauto/mercedes-benz/glb_180/mercedes-benz_glb_180_style_7g-dct_7_szemelyes_moi_isp-22012244#sid=12f334f6-e929-4a66-955f-34a33bfc1103
21970902,True,2025-07-24 20:11:00,2025-07-24 20:11:00,https://www.hasznaltauto.hu/szemelyauto/mercedes-benz/cla_180/mercedes-benz_cla_180_progressive_7g-dct_shooting_brake_mo-i_garancia_isp_1_tulajdonos_2022-es_gyartas-21970902#sid=12f334f6-e929-4a66-955f-34a33bfc1103
21962729,True,2025-07-24 20:12:00,2025-07-24 20:12:00,https://www.hasznaltauto.hu/szemelyauto/mercedes-benz/a_180/mercedes-benz_a_180_7g-dct_mild_hybrid_drive_mo-i_garancia_isp_1_tulajdonos_2023-as_gyartas-21962729#sid=12f334f6-e929-4a66-955f-34a33bfc1103
21927682,True,2025-07-24 20:12:00,2025-07-24 20:12:00,https://www.hasznaltauto.hu/szemelyauto/mercedes-benz/a_180/mercedes-benz_a_180_d_8g-dct_mo-i_afa-s_garancia_isp_1_tulajdonos-21927682#sid=12f334f6-e929-4a66-955f-34a33bfc1103
21765555,True,2025-07-24 20:12:00,2025-07-24 20:12:00,https://www.hasznaltauto.hu/szemelyauto/mercedes-benz/cla_200/mercedes-benz_cla_200_progressive_7g-dct_moi_isp-21765555#sid=12f334f6-e929-4a66-955f-34a33bfc1103
22122355,True,2025-07-24 20:12:00,2025-07-24 20:12:00,https://www.hasznaltauto.hu/szemelyauto/opel/astra_l/opel_astra_l_astra-e_sport_tourer_gs_automata_magyarorszagi_gyari_garancias_2029-ig_7000km-22122355#sid=12f334f6-e929-4a66-955f-34a33bfc1103
21690471,True,2025-07-24 20:12:00,2025-07-24 20:12:00,https://www.hasznaltauto.hu/szemelyauto/volkswagen/touareg/volkswagen_touareg_3.0_v6_tdi_elegance_tiptronic_ic_3_ev_garancia_-_1_tulajd_-_vezszervkonyv_-_leinformalhato-21690471#sid=12f334f6-e929-4a66-955f-34a33bfc1103
21366341,True,2025-07-24 20:12:00,2025-07-24 20:12:00,https://www.hasznaltauto.hu/szemelyauto/bmw/440/bmw_440i_m_sport_automata_3_ev_garancia_-_gran_coupe_-_faca_lift_-_karambolmentes_-_performance_kipufogo-21366341#sid=12f334f6-e929-4a66-955f-34a33bfc1103
22113896,True,2025-07-24 20:12:00,2025-07-24 20:12:00,https://www.hasznaltauto.hu/szemelyauto/volvo/xc60/volvo_xc60_2.0_b4_mhev_inscription_awd_geartronic-22113896#sid=12f334f6-e929-4a66-955f-34a33bfc1103
22082551,True,2025-07-24 20:12:00,2025-07-24 20:12:00,https://www.hasznaltauto.hu/szemelyauto/volvo/xc40/volvo_xc40_2.0_b3_mhev_plus_dark_dct_27-osafas_szamlaval-22082551#sid=12f334f6-e929-4a66-955f-34a33bfc1103
22082396,True,2025-07-24 20:12:00,2025-07-24 20:12:00,https://www.hasznaltauto.hu/szemelyauto/volvo/xc40/volvo_xc40_2.0_b3_mhev_plus_dark_dct_27-osafas_szamlaval-22082396#sid=12f334f6-e929-4a66-955f-34a33bfc1103
22082295,True,2025-07-24 20:12:00,2025-07-24 20:12:00,https://www.hasznaltauto.hu/szemelyauto/volvo/xc40/volvo_xc40_2.0_b3_mhev_plus_dark_dct_27-os_afas_szamlaval-22082295#sid=12f334f6-e929-4a66-955f-34a33bfc1103
21936679,True,2025-07-24 20:12:00,2025-07-24 20:12:00,https://www.hasznaltauto.hu/szemelyauto/mercedes-benz/cla_180/mercedes-benz_cla_180_d_progressive_8g-dct_shooting_brake_mo-i_garancia_isp_1_tulajdonos_vezetett_szerviz-21936679#sid=12f334f6-e929-4a66-955f-34a33bfc1103
21874859,True,2025-07-24 20:12:00,2025-07-24 20:12:00,https://www.hasznaltauto.hu/szemelyauto/mercedes-benz/cla_220/mercedes-benz_cla_220_d_4matic_amg_line_8g-dct_shooting_brake_mo-i-21874859#sid=12f334f6-e929-4a66-955f-34a33bfc1103
21765336,True,2025-07-24 20:12:00,2025-07-24 20:12:00,https://www.hasznaltauto.hu/szemelyauto/mercedes-benz/a_250/mercedes-benz_a_250_e_style_8g-dct_limuzin_plug-in_hybrid_moi_isp-21765336#sid=12f334f6-e929-4a66-955f-34a33bfc1103
22067095,True,2025-07-24 20:12:00,2025-07-24 20:12:00,https://www.hasznaltauto.hu/szemelyauto/bmw/223/bmw_223i_xdrive_dkg_m-sport-magyar-garancia2027.02-ig-adaptive_led-teli_garnitura-22067095#sid=12f334f6-e929-4a66-955f-34a33bfc1103
21479260,True,2025-07-24 20:12:00,2025-07-24 20:12:00,https://www.hasznaltauto.hu/szemelyauto/volkswagen/t-roc/volkswagen_t-roc_1.5_tsi_act_prime_dsg_afa-s_brutto_ar-21479260#sid=12f334f6-e929-4a66-955f-34a33bfc1103
22082305,True,2025-07-24 20:12:00,2025-07-24 20:12:00,https://www.hasznaltauto.hu/szemelyauto/volvo/xc40/volvo_xc40_2.0_b3_mhev_plus_bright_dct_magyarorszagi_elso_tulajdonosatol_afa-s_brutto_vetelar-22082305#sid=12f334f6-e929-4a66-955f-34a33bfc1103
21957320,True,2025-07-24 20:12:00,2025-07-24 20:12:00,https://www.hasznaltauto.hu/szemelyauto/mercedes-benz/eqb/mercedes-benz_eqb_300_4matic_magyarorszagi_isp-21957320#sid=12f334f6-e929-4a66-955f-34a33bfc1103
21253020,True,2025-07-24 20:12:00,2025-07-24 20:12:00,https://www.hasznaltauto.hu/szemelyauto/land_rover/discovery/land_rover_discovery_3.0_td6_hse_automata_magyarorszagi_-_vegig_vezetett_szerviz_-_panoramateto_-_3_ev_garancia-21253020#sid=12f334f6-e929-4a66-955f-34a33bfc1103
22082590,True,2025-07-24 20:12:00,2025-07-24 20:12:00,https://www.hasznaltauto.hu/szemelyauto/volvo/xc40/volvo_xc40_2.0_b3_mhev_plus_dark_dct_27-osafas_szamlaval-22082590#sid=12f334f6-e929-4a66-955f-34a33bfc1103
22002506,True,2025-07-24 20:13:00,2025-07-24 20:13:00,https://www.hasznaltauto.hu/szemelyauto/mercedes-benz/cla_200/mercedes-benz_cla_200_d_8g-dct_magyarorszagi_gyari_garancia_szervizcsomag-22002506#sid=12f334f6-e929-4a66-955f-34a33bfc1103
22130211,True,2025-07-24 20:13:00,2025-07-24 20:13:00,https://www.hasznaltauto.hu/szemelyauto/mini/countryman/mini_countryman_1.5_cooper_dkg_magyar_afa-s_panoramateto-22130211#sid=12f334f6-e929-4a66-955f-34a33bfc1103
22124982,True,2025-07-24 20:13:00,2025-07-24 20:13:00,https://www.hasznaltauto.hu/szemelyauto/mercedes-benz/gla_200/mercedes-benz_gla_200_amg_line_7g-dct_edition_afa-s_mo-i_garancia_panoramateto_memo_ules-22124982#sid=12f334f6-e929-4a66-955f-34a33bfc1103
21971238,True,2025-07-24 20:13:00,2025-07-24 20:13:00,https://www.hasznaltauto.hu/szemelyauto/audi/a5_cabrio/audi_a5_cabrio_35_tfsi_s_line_s-tronic_garanciaval_automata_bor_9ekm_serulesmentes_applecarplay-21971238#sid=12f334f6-e929-4a66-955f-34a33bfc1103
20939093,True,2025-07-24 20:13:00,2025-07-24 20:13:00,https://www.hasznaltauto.hu/szemelyauto/mercedes-benz/a_250/mercedes-benz_a_250_4matic_progressive_7g-dct_netto_10.990.000-20939093#sid=12f334f6-e929-4a66-955f-34a33bfc1103
22038356,True,2025-07-24 20:13:00,2025-07-24 20:13:00,https://www.hasznaltauto.hu/szemelyauto/ford/focus/ford_focus_2.3_ecoboost_rs_awd_s_s_magyarorszagi_-_2_tulajdonostol_-_350_le_-_38.832_km_-_3_ev_garancia-22038356#sid=12f334f6-e929-4a66-955f-34a33bfc1103
22073973,True,2025-07-24 20:13:00,2025-07-24 20:13:00,https://www.hasznaltauto.hu/szemelyauto/mercedes-benz/a_250/mercedes-benz_a_250_e_8g-dct_plug-in_hybrid_mo-i_afa-s_garancia_isp-22073973#sid=12f334f6-e929-4a66-955f-34a33bfc1103
22016810,True,2025-07-24 20:13:00,2025-07-24 20:13:00,https://www.hasznaltauto.hu/szemelyauto/volvo/ex30/volvo_ex30_single_motor_extended_range_core_magyarorszagi_elso_tulajdonosatol_afa-s_brutto_vetelar-22016810#sid=12f334f6-e929-4a66-955f-34a33bfc1103
22016775,True,2025-07-24 20:13:00,2025-07-24 20:13:00,https://www.hasznaltauto.hu/szemelyauto/volvo/ex30/volvo_ex30_single_motor_extended_range_core_magyarorszagi_elso_tulajdonosatol_afa-s_brutto_vetelar-22016775#sid=12f334f6-e929-4a66-955f-34a33bfc1103
21969753,True,2025-07-24 20:13:00,2025-07-24 20:13:00,https://www.hasznaltauto.hu/szemelyauto/mercedes-benz/c_220/mercedes-benz_c_220_t_d_4matic_9g-tronic_mild_hybrid_drive_mo-i_garancia_1_tulajdonos_vegig_vezetett_szerviz_2021-es_gyartas-21969753#sid=12f334f6-e929-4a66-955f-34a33bfc1103
21943712,True,2025-07-24 20:13:00,2025-07-24 20:13:00,https://www.hasznaltauto.hu/szemelyauto/mercedes-benz/cla_180/mercedes-benz_cla_180_amg_line_7g-dct_shooting_brake_mo-i_afa-s_garancia_isp_1_tulajdonos-21943712#sid=12f334f6-e929-4a66-955f-34a33bfc1103
21865713,True,2025-07-24 20:13:00,2025-07-24 20:13:00,https://www.hasznaltauto.hu/szemelyauto/volvo/ex30/volvo_ex30_single_motor_extended_range_core_magyarorszagi_elso_tulajdonosatol_afa-s_brutto_vetelar-21865713#sid=12f334f6-e929-4a66-955f-34a33bfc1103
19562655,True,2025-07-24 20:13:00,2025-07-24 20:13:00,https://www.hasznaltauto.hu/szemelyauto/mercedes-benz/a_200/mercedes-benz_a_200_7g-dct_mild_hybrid_drive_4_ev_120.000_km_isp_afa-s-19562655#sid=12f334f6-e929-4a66-955f-34a33bfc1103
22085445,True,2025-07-24 20:13:00,2025-07-24 20:13:00,https://www.hasznaltauto.hu/szemelyauto/bmw/420/bmw_420d_xdrive_automata_magyar_61ekm_napfenyteto-22085445#sid=12f334f6-e929-4a66-955f-34a33bfc1103
21746371,True,2025-07-24 20:13:00,2025-07-24 20:13:00,https://www.hasznaltauto.hu/szemelyauto/mercedes-benz/e_300/mercedes-benz_e_300_e_9g-tronic_eq_power_plug-in-hibrid_garancia_friss_szerviz_magyarorszagi_szervizkonyves-21746371#sid=12f334f6-e929-4a66-955f-34a33bfc1103
19126183,True,2025-07-24 20:13:00,2025-07-24 20:13:00,https://www.hasznaltauto.hu/szemelyauto/mercedes-benz/cla_200/mercedes-benz_cla_200_amg_line_7g-dct_amgvezetoi_segedrendszerekpanorama_tetomultibeam_led-19126183#sid=12f334f6-e929-4a66-955f-34a33bfc1103
21966753,True,2025-07-24 20:13:00,2025-07-24 20:13:00,https://www.hasznaltauto.hu/szemelyauto/mercedes-benz/eqb/mercedes-benz_eqb_250_magyarorszagi_gyari_garancia_szervizcsomag-21966753#sid=12f334f6-e929-4a66-955f-34a33bfc1103
21478026,True,2025-07-24 20:13:00,2025-07-24 20:13:00,https://www.hasznaltauto.hu/szemelyauto/skoda/karoq/skoda_karoq_1.5_tsi_act_selection_dsg_afa-s_brutto_ar-21478026#sid=12f334f6-e929-4a66-955f-34a33bfc1103
22016827,True,2025-07-24 20:13:00,2025-07-24 20:13:00,https://www.hasznaltauto.hu/szemelyauto/volvo/ex30/volvo_ex30_single_motor_extended_range_plus_magyarorszagi_elso_tulajdonosatol_afa-s_brutto_vetelar-22016827#sid=12f334f6-e929-4a66-955f-34a33bfc1103
21901100,True,2025-07-24 20:13:00,2025-07-24 20:13:00,https://www.hasznaltauto.hu/szemelyauto/volvo/ex30/volvo_ex30_single_motor_extended_range_plus_magyarorszagi_elso_tulajdonosatol_afa-s_brutto_vetelar-21901100#sid=12f334f6-e929-4a66-955f-34a33bfc1103
21849446,True,2025-07-24 20:13:00,2025-07-24 20:13:00,https://www.hasznaltauto.hu/szemelyauto/bmw/118/bmw_118d_m_sport_automata_afas_ajandek_teli_kerek_5-ev_ingyen_szerviz_magyar_markakereskedesbol-21849446#sid=12f334f6-e929-4a66-955f-34a33bfc1103
21741945,True,2025-07-24 20:13:00,2025-07-24 20:13:00,https://www.hasznaltauto.hu/szemelyauto/mercedes-benz/gla_180/mercedes-benz_gla_180_7g-dct_mild_hybrid_drive_magyarorszagi_vezetett_szervizkonyvvel_4_ev_120.000_km_isp_afa-s-21741945#sid=12f334f6-e929-4a66-955f-34a33bfc1103
20937282,True,2025-07-24 20:13:00,2025-07-24 20:13:00,https://www.hasznaltauto.hu/szemelyauto/mercedes-benz/a_220/mercedes-benz_a_220_4matic_8g-dct_mild_hybrid_drive_netto_11.645.669-20937282#sid=12f334f6-e929-4a66-955f-34a33bfc1103
22057836,True,2025-07-24 20:14:00,2025-07-24 20:14:00,https://www.hasznaltauto.hu/szemelyauto/mercedes-amg/glb/mercedes-amg_glb_amg_glb_35_moi_1_ev_garanciaval-22057836#sid=12f334f6-e929-4a66-955f-34a33bfc1103
22048707,True,2025-07-24 20:14:00,2025-07-24 20:14:00,https://www.hasznaltauto.hu/szemelyauto/mercedes-amg/cla/mercedes-amg_cla_shooting_brake_35_4matic_7g-dct_mo-i_afa-s_garancia_1_tulajdonos_2021-es_gyartas-22048707#sid=12f334f6-e929-4a66-955f-34a33bfc1103
22040807,True,2025-07-24 20:14:00,2025-07-24 20:14:00,https://www.hasznaltauto.hu/szemelyauto/mercedes-benz/cla_180/mercedes-benz_cla_180_progressive_7g-dct_afa-s_magyaro_-_bemutato_auto_-_4_ev_isp_garancia-22040807#sid=12f334f6-e929-4a66-955f-34a33bfc1103
20122550,True,2025-07-24 20:14:00,2025-07-24 20:14:00,https://www.hasznaltauto.hu/szemelyauto/mercedes-benz/cla_200/mercedes-benz_cla_200_d_amg_line_8g-dct_mo-i_1_tulajdonos_2027.06.26-ig_isp_garancia-20122550#sid=12f334f6-e929-4a66-955f-34a33bfc1103
22114014,True,2025-07-24 20:14:00,2025-07-24 20:14:00,https://www.hasznaltauto.hu/szemelyauto/bmw/120/bmw_120d_m_sport_automata_magyar_afa-s-22114014#sid=12f334f6-e929-4a66-955f-34a33bfc1103
22104939,True,2025-07-24 20:14:00,2025-07-24 20:14:00,https://www.hasznaltauto.hu/szemelyauto/mercedes-benz/gla_250/mercedes-benz_gla_250_e_amg_line_8g-dct_plug-in_hybrid_magyarorszagi_1_tulajdonos_garancias_afas-22104939#sid=12f334f6-e929-4a66-955f-34a33bfc1103
21989696,True,2025-07-24 20:14:00,2025-07-24 20:14:00,https://www.hasznaltauto.hu/szemelyauto/mercedes-benz/gla_180/mercedes-benz_gla_180_7g-dct_mild_hybrid_drive-21989696#sid=12f334f6-e929-4a66-955f-34a33bfc1103
21656167,True,2025-07-24 20:14:00,2025-07-24 20:14:00,https://www.hasznaltauto.hu/szemelyauto/bmw/330/bmw_330e_m_sport_automata_afas_5ev_ingyen_szerviz_magyar_markakereskedesbol-21656167#sid=12f334f6-e929-4a66-955f-34a33bfc1103
21454645,True,2025-07-24 20:14:00,2025-07-24 20:14:00,https://www.hasznaltauto.hu/szemelyauto/mercedes-benz/b_200/mercedes-benz_b_200_7g-dct_mild_hybrid_drive-21454645#sid=12f334f6-e929-4a66-955f-34a33bfc1103
21177286,True,2025-07-24 20:14:00,2025-07-24 20:14:00,https://www.hasznaltauto.hu/szemelyauto/ford/kuga/ford_kuga_2.5_fhev_active_x_cvt-21177286#sid=12f334f6-e929-4a66-955f-34a33bfc1103
20990858,True,2025-07-24 20:14:00,2025-07-24 20:14:00,https://www.hasznaltauto.hu/szemelyauto/ford/kuga/ford_kuga_2.5_phev_st-line_cvt-20990858#sid=12f334f6-e929-4a66-955f-34a33bfc1103
20990543,True,2025-07-24 20:14:00,2025-07-24 20:14:00,https://www.hasznaltauto.hu/szemelyauto/ford/kuga/ford_kuga_2.5_fhev_st-line_x_cvt-20990543#sid=12f334f6-e929-4a66-955f-34a33bfc1103
21953633,True,2025-07-24 20:14:00,2025-07-24 20:14:00,https://www.hasznaltauto.hu/szemelyauto/mercedes-benz/a_200/mercedes-benz_a_200_7g-dct_mild_hybrid_drive-21953633#sid=12f334f6-e929-4a66-955f-34a33bfc1103
22005131,True,2025-07-24 20:14:00,2025-07-24 20:14:00,https://www.hasznaltauto.hu/szemelyauto/bmw/320/bmw_320i_automata_magyar_6000km_m_sport-22005131#sid=12f334f6-e929-4a66-955f-34a33bfc1103
22132664,True,2025-07-24 20:14:00,2025-07-24 20:14:00,https://www.hasznaltauto.hu/szemelyauto/mercedes-benz/a_250/mercedes-benz_a_250_e_8g-dct_plug-in_hybrid_mo-i_afa-s_garancia_isp_1_tulajdonos-22132664#sid=12f334f6-e929-4a66-955f-34a33bfc1103
21911011,True,2025-07-24 20:14:00,2025-07-24 20:14:00,https://www.hasznaltauto.hu/szemelyauto/porsche/macan/porsche_macan_pdk_2_ev_garancia_-_magyar_-_gyari_fenyezes_-_vezetett_szervkonyv-21911011#sid=12f334f6-e929-4a66-955f-34a33bfc1103
22106877,True,2025-07-24 20:14:00,2025-07-24 20:14:00,https://www.hasznaltauto.hu/szemelyauto/mercedes-benz/glc_220/mercedes-benz_glc_220_d_4matic_9g-tronic_amg_-_magyaro_-_1_gazdas_-_vegig_markasz_vez_szk_-_akar_plusz_1_ev_garancia-22106877#sid=12f334f6-e929-4a66-955f-34a33bfc1103
22077764,True,2025-07-24 20:14:00,2025-07-24 20:14:00,https://www.hasznaltauto.hu/szemelyauto/mercedes-benz/c_220/mercedes-benz_c_220_d_4matic_9g-tronic_mild_hybrid_drive_mo-i_afa-s_garancia_isp_1_tulajdonos_vegig_vezetett_szerviz-22077764#sid=12f334f6-e929-4a66-955f-34a33bfc1103
21905068,True,2025-07-24 20:14:00,2025-07-24 20:14:00,https://www.hasznaltauto.hu/szemelyauto/bmw/420/bmw_420d_xdrive_m_sport_automata_mo-i_45.000_km-21905068#sid=12f334f6-e929-4a66-955f-34a33bfc1103
21454702,True,2025-07-24 20:14:00,2025-07-24 20:14:00,https://www.hasznaltauto.hu/szemelyauto/mercedes-benz/b_250/mercedes-benz_b_250_amg_line_7g-dct-21454702#sid=12f334f6-e929-4a66-955f-34a33bfc1103
21125423,True,2025-07-24 20:15:00,2025-07-24 20:15:00,https://www.hasznaltauto.hu/szemelyauto/volvo/ex30/volvo_ex30_single_motor_extended_range_ultra_2027.02ig_karbantartasi_csomag_teli-nyari_gumival-21125423#sid=12f334f6-e929-4a66-955f-34a33bfc1103
20000137,True,2025-07-24 20:15:00,2025-07-24 20:15:00,https://www.hasznaltauto.hu/szemelyauto/mercedes-amg/a-osztaly/mercedes-amg_a-osztaly_amg_a_35_magyar-20000137#sid=12f334f6-e929-4a66-955f-34a33bfc1103
18702017,True,2025-07-24 20:15:00,2025-07-24 20:15:00,https://www.hasznaltauto.hu/szemelyauto/mercedes-benz/a_35_amg/mercedes-benz_a_35_amg_magyaro-i_garancialis_isp-18702017#sid=12f334f6-e929-4a66-955f-34a33bfc1103
20990637,True,2025-07-24 20:15:00,2025-07-24 20:15:00,https://www.hasznaltauto.hu/szemelyauto/ford/kuga/ford_kuga_2.5_phev_freedom_x_cvt-20990637#sid=12f334f6-e929-4a66-955f-34a33bfc1103
22102555,True,2025-07-24 20:15:00,2025-07-24 20:15:00,https://www.hasznaltauto.hu/szemelyauto/volvo/xc60/volvo_xc60_2.0_b4_mhev_plus_bright_awd_geartronic_27-os_afas_azamlaval-22102555#sid=12f334f6-e929-4a66-955f-34a33bfc1103
21562325,True,2025-07-24 20:15:00,2025-07-24 20:15:00,https://www.hasznaltauto.hu/szemelyauto/volvo/ex30/volvo_ex30_single_motor_extended_range_plus_27-os_afas_2027.06ig_karbantartasi_csomag-21562325#sid=12f334f6-e929-4a66-955f-34a33bfc1103
22059114,True,2025-07-24 20:15:00,2025-07-24 20:15:00,https://www.hasznaltauto.hu/szemelyauto/mercedes-benz/gla_200/mercedes-benz_gla_200_amg_line_7g-dct_magyarorszagi_keveset_futott_garancias-22059114#sid=12f334f6-e929-4a66-955f-34a33bfc1103
21907009,True,2025-07-24 20:15:00,2025-07-24 20:15:00,https://www.hasznaltauto.hu/szemelyauto/mercedes-benz/cla_220/mercedes-benz_cla_220_d_amg_line_8g-dct_mo-i_garancia_isp_1_tulajdonos-21907009#sid=12f334f6-e929-4a66-955f-34a33bfc1103
21615047,True,2025-07-24 20:15:00,2025-07-24 20:15:00,https://www.hasznaltauto.hu/szemelyauto/volvo/c40/volvo_c40_recharge_extended_range_ultimate_2027.03ig_karbantartasi_csomag_csomagter_talcaszovet_es_gumiszonyeg_garnitura-21615047#sid=12f334f6-e929-4a66-955f-34a33bfc1103
21488804,True,2025-07-24 20:15:00,2025-07-24 20:15:00,https://www.hasznaltauto.hu/szemelyauto/bmw/x3/bmw_x3_m40d_automata_2-ev_bps_garancia-21488804#sid=12f334f6-e929-4a66-955f-34a33bfc1103
22050718,True,2025-07-24 20:15:00,2025-07-24 20:15:00,https://www.hasznaltauto.hu/szemelyauto/bmw/z4/bmw_z4_m40i_automata_3_ev_garancia_-_leinformalhato_eloeletu_-_magasan_felszerelt-22050718#sid=12f334f6-e929-4a66-955f-34a33bfc1103
22010047,True,2025-07-24 20:15:00,2025-07-24 20:15:00,https://www.hasznaltauto.hu/szemelyauto/volvo/ex30/volvo_ex30_single_motor_extended_range_plus_27-os_afas-22010047#sid=12f334f6-e929-4a66-955f-34a33bfc1103
22009941,True,2025-07-24 20:15:00,2025-07-24 20:15:00,https://www.hasznaltauto.hu/szemelyauto/volvo/ex30/volvo_ex30_single_motor_extended_range_plus_27-os_afas-22009941#sid=12f334f6-e929-4a66-955f-34a33bfc1103
22102492,True,2025-07-24 20:15:00,2025-07-24 20:15:00,https://www.hasznaltauto.hu/szemelyauto/volvo/xc60/volvo_xc60_2.0_b4_mhev_plus_dark_awd_geartronic_27-os_afas_szamlaval-22102492#sid=12f334f6-e929-4a66-955f-34a33bfc1103
21714939,True,2025-07-24 20:15:00,2025-07-24 20:15:00,https://www.hasznaltauto.hu/szemelyauto/volvo/v90/volvo_v90_2.0_b4_mhev_plus_dark_geartronic_2027.06ig_gyari_garanciakarbantartasi_csomagteli-nyari_kerekszett-21714939#sid=12f334f6-e929-4a66-955f-34a33bfc1103
21516805,True,2025-07-24 20:15:00,2025-07-24 20:15:00,https://www.hasznaltauto.hu/szemelyauto/mercedes-benz/c_220/mercedes-benz_c_220_t_d_4matic_9g-tronic_mild_hybrid_drive_netto_13.377.953-21516805#sid=12f334f6-e929-4a66-955f-34a33bfc1103
21296696,True,2025-07-24 20:15:00,2025-07-24 20:15:00,https://www.hasznaltauto.hu/szemelyauto/volvo/s90/volvo_s90_2.0_b5_mhev_plus_bright_geartronic_2027.03ig_gyari_garanciakarbantartasi_csomagteli-nyari_kerekszett-21296696#sid=12f334f6-e929-4a66-955f-34a33bfc1103
21251728,True,2025-07-24 20:15:00,2025-07-24 20:15:00,https://www.hasznaltauto.hu/szemelyauto/bmw/x2/bmw_x2_xdrive20i_m_sport_automata_afas_ajandek_teli_kerek5-ev_ingyen_szerviz-21251728#sid=12f334f6-e929-4a66-955f-34a33bfc1103
19894521,True,2025-07-24 20:15:00,2025-07-24 20:15:00,https://www.hasznaltauto.hu/szemelyauto/bmw/530/bmw_530e_automata_mo-i_markakereskedesbol_kituno_allapot_garancialis-19894521#sid=12f334f6-e929-4a66-955f-34a33bfc1103
21985505,True,2025-07-24 20:16:00,2025-07-24 20:16:00,https://www.hasznaltauto.hu/szemelyauto/mercedes-benz/gla_200/mercedes-benz_gla_200_d_amg_line_8g-dct_magyarorszagi_1_tulajdonos_keveset_futott_garancias_afas-21985505#sid=12f334f6-e929-4a66-955f-34a33bfc1103
21784232,True,2025-07-24 20:16:00,2025-07-24 20:16:00,https://www.hasznaltauto.hu/szemelyauto/bmw/330/bmw_330e_xdrive_automata_magyar_m_sport_head_up_harman_afas-21784232#sid=12f334f6-e929-4a66-955f-34a33bfc1103
21768961,True,2025-07-24 20:16:00,2025-07-24 20:16:00,https://www.hasznaltauto.hu/szemelyauto/volvo/v60/volvo_v60_2.0_b4_mhev_ultimate_dark_geartronic_kiterjesztett_garancia_szervizcsomag_teli_szett-21768961#sid=12f334f6-e929-4a66-955f-34a33bfc1103
22059342,True,2025-07-24 20:16:00,2025-07-24 20:16:00,https://www.hasznaltauto.hu/szemelyauto/bmw/i4/bmw_i4_edrive40_m_sport-22059342#sid=12f334f6-e929-4a66-955f-34a33bfc1103
21454785,True,2025-07-24 20:16:00,2025-07-24 20:16:00,https://www.hasznaltauto.hu/szemelyauto/mercedes-benz/glb_250/mercedes-benz_glb_250_progressive_4matic_8g-dct_7_szemelyes-21454785#sid=12f334f6-e929-4a66-955f-34a33bfc1103
21302271,True,2025-07-24 20:16:00,2025-07-24 20:16:00,https://www.hasznaltauto.hu/szemelyauto/bmw/225/bmw_225e_xdrive_dkg_afas_magyar_markakereskedesbol-21302271#sid=12f334f6-e929-4a66-955f-34a33bfc1103
21965036,True,2025-07-24 20:16:00,2025-07-24 20:16:00,https://www.hasznaltauto.hu/szemelyauto/kia/sorento/kia_sorento_2.2_crdi_kryptonite_4wd_dct_magyarorszagi_gyari_garanciaval_afa-s-21965036#sid=12f334f6-e929-4a66-955f-34a33bfc1103
21932574,True,2025-07-24 20:16:00,2025-07-24 20:16:00,https://www.hasznaltauto.hu/szemelyauto/mercedes-benz/gla_200/mercedes-benz_gla_200_d_4matic_amg_line_8g-dct_mo-i_garancia_isp_1_tulajdonos_vegig_vezetett_szerviz_2023-as_gyartas-21932574#sid=12f334f6-e929-4a66-955f-34a33bfc1103
22125398,True,2025-07-24 20:16:00,2025-07-24 20:16:00,https://www.hasznaltauto.hu/szemelyauto/mercedes-benz/glc_220/mercedes-benz_glc_220_d_4matic_9g-tronic_amg_-_magyaro_-_4_ev_120.000_km_isp_garancia-22125398#sid=12f334f6-e929-4a66-955f-34a33bfc1103
22117982,True,2025-07-24 20:16:00,2025-07-24 20:16:00,https://www.hasznaltauto.hu/szemelyauto/bmw/320/bmw_320i_xdrive_automata_afas_magyar_markakereskedesbol-22117982#sid=12f334f6-e929-4a66-955f-34a33bfc1103
22115474,True,2025-07-24 20:16:00,2025-07-24 20:16:00,https://www.hasznaltauto.hu/szemelyauto/bmw/330/bmw_330e_xdrive_m_sport_automata_magyar_15ekm-22115474#sid=12f334f6-e929-4a66-955f-34a33bfc1103
22105010,True,2025-07-24 20:16:00,2025-07-24 20:16:00,https://www.hasznaltauto.hu/szemelyauto/bmw/420/bmw_420d_xdrive_m_sport_automata_magyar_afa-s-22105010#sid=12f334f6-e929-4a66-955f-34a33bfc1103
22009128,True,2025-07-24 20:16:00,2025-07-24 20:16:00,https://www.hasznaltauto.hu/szemelyauto/volvo/xc90/volvo_xc90_2.0_b5_mhev_inscription_geartronic_7_szemelyes_magyarorszagi_elso_tulajdonosatol_gyari_garanciaval-22009128#sid=12f334f6-e929-4a66-955f-34a33bfc1103
21757365,True,2025-07-24 20:16:00,2025-07-24 20:16:00,https://www.hasznaltauto.hu/szemelyauto/bmw/745/bmw_745le_xdrive_automata_2-ev_premium_selection_garancia-21757365#sid=12f334f6-e929-4a66-955f-34a33bfc1103
21706875,True,2025-07-24 20:16:00,2025-07-24 20:16:00,https://www.hasznaltauto.hu/szemelyauto/bmw/320/bmw_320d_automata_afas_ajandek_teli_kerekmagyar_markakereskedesbol-21706875#sid=12f334f6-e929-4a66-955f-34a33bfc1103
21063855,True,2025-07-24 20:16:00,2025-07-24 20:16:00,https://www.hasznaltauto.hu/szemelyauto/volvo/xc60/volvo_xc60_2.0_b4_mhev_plus_dark_awd_geartronic_27-os_afas_szamlaval_vezetestamogato_csomag_teli_csomag-21063855#sid=12f334f6-e929-4a66-955f-34a33bfc1103
20936555,True,2025-07-24 20:16:00,2025-07-24 20:16:00,https://www.hasznaltauto.hu/szemelyauto/bmw/m235i/bmw_m235i_xdrive_automata_afas_5-ev_ingyen_szerviz_magyar_markakereskedesbol-20936555#sid=12f334f6-e929-4a66-955f-34a33bfc1103
20912621,True,2025-07-24 20:16:00,2025-07-24 20:16:00,https://www.hasznaltauto.hu/szemelyauto/volvo/v60/volvo_v60_2.0_t6_recharge_ultra_bright_awd_geartronic_2027.02ig_gyari_garancia_karbantartasi_csomag_teli-nyari_kerekszett-20912621#sid=12f334f6-e929-4a66-955f-34a33bfc1103
20827664,True,2025-07-24 20:16:00,2025-07-24 20:16:00,https://www.hasznaltauto.hu/szemelyauto/mercedes-benz/eqb/mercedes-benz_eqb_300_4matic_7_szemelyes-20827664#sid=12f334f6-e929-4a66-955f-34a33bfc1103
21405046,True,2025-07-24 20:17:00,2025-07-24 20:17:00,https://www.hasznaltauto.hu/szemelyauto/mercedes-benz/c_200/mercedes-benz_c_200_t_d_9g-tronic_mild_hybrid_drive_mo-i_afa-s_garancia_isp_1_tulajdonos_2023-as_gyartas-21405046#sid=12f334f6-e929-4a66-955f-34a33bfc1103
22116680,True,2025-07-24 20:17:00,2025-07-24 20:17:00,https://www.hasznaltauto.hu/szemelyauto/bmw/330/bmw_330e_xdrive_automata_m_sport-22116680#sid=12f334f6-e929-4a66-955f-34a33bfc1103
22102711,True,2025-07-24 20:17:00,2025-07-24 20:17:00,https://www.hasznaltauto.hu/szemelyauto/volvo/xc90/volvo_xc90_2.0_b5_mhev_inscription_geartronic_7_szemelyes_27-os_afas_szamlaval-22102711#sid=12f334f6-e929-4a66-955f-34a33bfc1103
22080624,True,2025-07-24 20:17:00,2025-07-24 20:17:00,https://www.hasznaltauto.hu/szemelyauto/mercedes-benz/gla_250/mercedes-benz_gla_250_e_8g-dct_plug-in_hybrid_afa-s_integralt_szervizcsomag_es_garancia_2028-ig-22080624#sid=12f334f6-e929-4a66-955f-34a33bfc1103
22025906,True,2025-07-24 20:17:00,2025-07-24 20:17:00,https://www.hasznaltauto.hu/szemelyauto/bmw/420/bmw_420d_xdrive_m_sport_automata_magyar_afa-s_harman_kardon-22025906#sid=12f334f6-e929-4a66-955f-34a33bfc1103
22055735,True,2025-07-24 20:17:00,2025-07-24 20:17:00,https://www.hasznaltauto.hu/szemelyauto/bmw/330/bmw_330e_xdrive_automata_magyar_afa-s_33ekm_harman_kardon_m_sport-22055735#sid=12f334f6-e929-4a66-955f-34a33bfc1103
22125390,True,2025-07-24 20:17:00,2025-07-24 20:17:00,https://www.hasznaltauto.hu/szemelyauto/mercedes-benz/glb_200/mercedes-benz_glb_200_d_amg_line_4matic_8g-dct_mo-i_garancia_isp_1_tulajdonos_vegig_vezetett_szerviz-22125390#sid=12f334f6-e929-4a66-955f-34a33bfc1103
22115484,True,2025-07-24 20:17:00,2025-07-24 20:17:00,https://www.hasznaltauto.hu/szemelyauto/bmw/330/bmw_330e_xdrive_automata_magyar_m_sport_panorama_hud-22115484#sid=12f334f6-e929-4a66-955f-34a33bfc1103
21525618,True,2025-07-24 20:17:00,2025-07-24 20:17:00,https://www.hasznaltauto.hu/szemelyauto/mercedes-benz/b_250_e/mercedes-benz_b_250_e_8g-dct_plug-in_hybrid-21525618#sid=12f334f6-e929-4a66-955f-34a33bfc1103
20064431,True,2025-07-24 20:17:00,2025-07-24 20:17:00,https://www.hasznaltauto.hu/szemelyauto/mercedes-benz/c_200/mercedes-benz_c_200_9g-tronic_mild_hybrid_drive_afa-s_isp-20064431#sid=12f334f6-e929-4a66-955f-34a33bfc1103
21359436,True,2025-07-24 20:17:00,2025-07-24 20:17:00,https://www.hasznaltauto.hu/szemelyauto/mercedes-benz/vito/mercedes-benz_vito_116_cdi_bluetec_tourer_pro_l_automata_9_szemelyes_afa-s_4x4_hajtas_extra_hosszu_kivitel-21359436#sid=12f334f6-e929-4a66-955f-34a33bfc1103
22126041,True,2025-07-24 20:17:00,2025-07-24 20:17:00,https://www.hasznaltauto.hu/szemelyauto/mercedes-benz/gle_450/mercedes-benz_gle_450_4matic_9g-tronic_eq_boost_7_szemelyes_mo-i_garancia_vegig_vezetett_szerviz-22126041#sid=12f334f6-e929-4a66-955f-34a33bfc1103
21914577,True,2025-07-24 20:17:00,2025-07-24 20:17:00,https://www.hasznaltauto.hu/szemelyauto/bmw/320/bmw_320d_xdrive_automata_m-sport-magyar-afas-6.200km-garancia2027.06-ig-adaptive_led-vonohorog-21914577#sid=12f334f6-e929-4a66-955f-34a33bfc1103
22109008,True,2025-07-24 20:17:00,2025-07-24 20:17:00,https://www.hasznaltauto.hu/szemelyauto/mercedes-benz/c_220/mercedes-benz_c_220_t_d_4matic_9g-tronic_mild_hybrid_drive_all-terrain_-_magyaro_-_bemutato_auto_-_4_ev_isp_garancia-22109008#sid=12f334f6-e929-4a66-955f-34a33bfc1103
22108934,True,2025-07-24 20:17:00,2025-07-24 20:17:00,https://www.hasznaltauto.hu/szemelyauto/mercedes-benz/c_220/mercedes-benz_c_220_t_d_4matic_all-terrain_9g-tronic_mild_hybrid_drive_magyaro_-_bemutato_auto_-_4_ev_isp_garancia-22108934#sid=12f334f6-e929-4a66-955f-34a33bfc1103
22115530,True,2025-07-24 20:17:00,2025-07-24 20:17:00,https://www.hasznaltauto.hu/szemelyauto/bmw/330/bmw_330e_xdrive_automata_magyar_afa-s_m_sport-22115530#sid=12f334f6-e929-4a66-955f-34a33bfc1103
22115520,True,2025-07-24 20:17:00,2025-07-24 20:17:00,https://www.hasznaltauto.hu/szemelyauto/bmw/330/bmw_330e_xdrive_automata_magyar_afa-s_harman_kardon_napfenyteto_m_sport-22115520#sid=12f334f6-e929-4a66-955f-34a33bfc1103
22102154,True,2025-07-24 20:17:00,2025-07-24 20:17:00,https://www.hasznaltauto.hu/szemelyauto/mercedes-benz/eqa/mercedes-benz_eqa_350_4matic-22102154#sid=12f334f6-e929-4a66-955f-34a33bfc1103
